breathing_rate,breath_depth,rest_vs_exercise,label
14.781545750278589,0.5595323287892664,0,1
13.159051703147956,0.3594140314134534,1,1
17.3540426435939,0.47021046552564694,1,1
12.456419381711505,0.5618289303310708,0,1
15.781532702228974,0.5416659060548594,0,2
18.51404216360893,0.46144410200375147,1,0
15.69791238154847,0.5190923731755106,1,0
13.161058531756611,0.5107145329737568,1,1
19.524442172757077,0.4775759044451814,0,0
10.363057165738518,0.478916528134542,1,0
15.01661483236761,0.723542743475696,0,0
15.875019929855997,0.5809310903931301,0,0
16.047725975198894,0.7480650917512143,1,1
16.541488168234245,0.45030368670794985,0,1
17.831319459428478,0.49150334031118526,1,0
15.893777682863947,0.3667874234723353,0,1
14.895825153568957,0.41904331979104276,1,0
14.777231966020913,0.6901913148662501,0,1
14.165452593884936,0.4477965710158244,0,0
18.362629972980596,0.691928130014446,0,1
14.060414561570456,0.37566377393201095,0,0
18.540313327024734,0.39465309659267234,1,0
16.056997246779613,0.46587687789765786,0,1
14.436235579431612,0.4936250078320822,0,0
17.855221647232405,0.592308729245013,0,3
13.817638225830645,0.5450770417186266,1,0
17.914552122184638,0.45836847426559724,0,0
16.638178363575356,0.4866684193481894,0,0
14.211025932724239,0.46809370802153,0,0
17.585904446003678,0.408534626467427,1,0
17.639769177065915,0.4112037063398378,0,3
19.472558817429874,0.602788389143341,0,0
18.898441037227887,0.317183507207286,1,1
17.473822062178847,0.6617358697445055,0,0
12.617227146373711,0.4657005774397768,0,0
23.34576096452217,0.42274913936078395,1,0
11.78915136678457,0.5739759290697269,0,0
18.847789522846927,0.6485216584147118,0,3
17.293851450658895,0.6117632441603957,0,0
12.477572882556656,0.5501852049359891,1,0
15.627097183364503,0.6086863489721837,0,0
15.763741341266078,0.3283502422856134,0,0
19.91674814743157,0.44781694585118514,0,0
13.860067299159365,0.40888299399751554,1,0
15.214164980726938,0.6224638731215175,0,0
8.991791184936211,0.4616521981076113,0,2
21.20428837937073,0.5845406556782056,0,1
12.788595270939787,0.5535856942488638,0,0
16.980732592717526,0.4137693063836319,1,0
15.695776510834408,0.44130417900237157,0,1
15.70599709964998,0.6293817690814726,1,3
18.429585954612627,0.42245173513155865,0,3
21.013787380910905,0.5124867610195479,1,2
16.754481009825977,0.4217458713673555,0,0
17.965234052891578,0.46860478130841393,0,2
16.986674610181122,0.4953838056030028,1,2
19.05259427179188,0.42171334897025087,1,0
14.611250861541018,0.40395530460161183,0,0
19.226171663249243,0.5286273336777443,0,0
19.33149959694215,0.41552625912088237,0,0
19.24761102604873,0.4189342444301327,1,0
14.019556397990572,0.40609468562980294,0,0
15.494987097288428,0.49220919536686814,0,0
16.718400966341306,0.5943701634399842,0,0
11.887473865512984,0.6506528636312267,1,0
20.784760624258045,0.42740819140062214,0,1
15.963170399493473,0.7150310793331212,0,0
16.851783662814164,0.3995295139293204,0,2
14.268986680818392,0.608354852332787,0,2
12.019367321898931,0.42783035459845575,0,2
14.187910343575687,0.41290767301299897,1,1
16.657612562900766,0.42552438432156114,1,0
18.02028643826108,0.4947552300350881,0,0
16.48537462180816,0.557997217103361,1,0
17.04017204872585,0.5669868037904822,0,3
14.98892087595587,0.40560149846521115,0,0
17.488745698736285,0.40103407124887314,1,0
20.44849859915772,0.40833613066364527,0,1
18.11436832731696,0.4888645597614489,0,2
18.42862566475882,0.4789844395809125,1,1
16.882049197919894,0.4049824537930205,0,0
11.490534791201195,0.5269603694063244,1,0
12.86600040810627,0.7262568808335318,1,0
17.36462740199153,0.4495284538164849,0,0
15.967182844119742,0.4566488178796467,0,2
17.319528659418484,0.5559661570324369,0,0
21.02927025353222,0.4441183708263205,0,0
18.178107997688002,0.5668964481718183,0,2
19.776658617228463,0.42814572932209594,1,0
16.28404416841219,0.6832119607577302,0,2
13.578352967546682,0.5344774972592294,0,2
15.826401522356978,0.4379977050923288,0,1
13.585744558842586,0.4411308300530726,0,0
20.674884870317342,0.4486200247291965,1,0
18.37117322960641,0.6372749666248874,0,2
17.561537489884838,0.3731248992398717,1,2
19.70782960668431,0.4332058329540495,0,0
9.939830756430323,0.4438339443074574,0,0
17.76441385402798,0.4984312033243062,0,0
12.068062647086883,0.47288903073532057,0,3
15.978232904603017,0.35087721686095374,0,0
15.064877222598357,0.46001773164045323,0,0
17.985209836290842,0.49004493168150315,1,0
16.684561866882866,0.43719021649202167,0,0
20.035351520835366,0.5686775489047665,1,2
14.19430851720216,0.5919408428753647,0,0
18.127343168899852,0.4921613300270607,0,0
16.486669650696495,0.523054158685073,0,0
11.094129189785342,0.2838944002650729,0,0
13.244150624430901,0.4578897227838168,1,0
15.550365899433496,0.6004821691757913,0,0
19.336877349675184,0.45765634168207225,0,0
17.391169172671344,0.4262738323608039,0,2
12.497497528357858,0.7277688926030931,0,0
15.579051315858521,0.6819077190195806,1,3
22.05341934637909,0.5467574912482157,0,0
16.333670004522574,0.6138910611480047,1,0
15.018023274782813,0.2774064582041922,0,0
17.475218922268663,0.42124485593712935,1,0
18.29017923874591,0.45300421268268487,1,0
14.631494957559823,0.47640199011330536,0,0
17.50772432311431,0.45100559790260375,0,0
15.013331509987573,0.24499737084836531,1,0
18.157982805488317,0.538602461870856,0,0
16.50907947391385,0.5543654128280606,1,0
17.445903481158677,0.6601898791589982,0,0
13.722449361497487,0.42116907352250366,0,1
13.536140847781422,0.41298368422200976,1,0
18.836491913978186,0.2320015514035531,0,2
15.76181085584352,0.4706433163409114,0,0
16.855104226298085,0.5901111781062172,0,3
15.08081371874044,0.4388232137807281,0,0
18.69618032204093,0.7143444818543648,1,3
14.176570059911027,0.47434051642104763,1,0
15.593196280297352,0.5146992284288555,1,0
18.357978438109395,0.36368969194184064,0,0
19.518903097492796,0.528722034517528,0,0
14.42872212691995,0.3020680205147305,1,2
21.879051945867648,0.5693697955013145,0,0
16.939725081080848,0.5724428176235412,0,0
12.871215214573787,0.6359291424336511,1,0
17.107156145769903,0.39800312812323113,0,0
14.851002356549627,0.5160562118297419,0,0
17.30220546154953,0.5563816559386504,0,0
15.871431257018987,0.544228163833031,0,0
16.222821070570433,0.41347007248651485,0,0
13.265219870241562,0.26080181104438593,1,0
18.970183692149078,0.5346960296884481,0,0
12.531617898546903,0.4847500321690081,0,0
12.673705313785014,0.443332940703856,1,0
17.10208104744246,0.5763945363715466,0,0
20.80853274153391,0.4955080461845567,0,2
14.94222070880678,0.36808049472322,0,1
18.1029169681119,0.30685477109037784,1,3
19.220020530590638,0.38710367348668345,0,0
18.444053311882207,0.7393012294766786,0,2
15.066375132478957,0.5722776773932773,0,0
12.726859848417776,0.5188612341975012,0,0
9.377357302985935,0.4818339072814195,0,0
15.21147850161282,0.47526070600525644,0,1
19.534262105686523,0.6167195983359095,0,2
12.627502045714198,0.4509404258096568,0,0
18.100629542556295,0.5576920410684293,0,0
13.149542409844383,0.46515720497084057,0,0
16.318217729160516,0.6940156631835063,0,3
18.123374842465054,0.5742288507578304,1,1
14.021513689484717,0.6245556814683626,1,0
16.511454042090744,0.4415590225311761,1,0
14.754725989824014,0.6058136112567422,0,0
18.11544597681453,0.46874225746053094,0,2
16.70595150545391,0.511003482393285,0,1
16.169523023287802,0.6635047670619458,0,0
20.67504988042593,0.3957224943243581,0,0
17.986918427104907,0.52032477313054,0,2
13.928944401621132,0.5438005258518727,0,0
15.742408297606714,0.552000438080081,0,3
15.772303644761017,0.45492155069065343,0,0
16.240958717875635,0.7086264100808082,0,1
23.573527829822485,0.370506811465974,0,1
17.112555678132992,0.6458885388632469,0,0
9.892292289685672,0.6215065605591639,1,3
14.371603084849104,0.6900888789603685,0,0
10.202883737512575,0.34117729012921794,0,1
15.010605228862481,0.413116851211029,1,3
10.038069310820715,0.6491943059161641,0,0
13.385228586794716,0.3122960845369691,0,0
11.437835411097641,0.3393541098959586,0,0
17.152480533902434,0.45116922132885084,0,1
16.001618087886637,0.5191993788622268,0,2
16.908886922496194,0.6592225073648775,0,0
15.686345834294421,0.4814734085069642,0,1
11.817106749386745,0.43917608519354606,1,0
17.540564107764204,0.5311389937696427,0,0
21.76667368080836,0.5469596483294401,0,0
17.22763773581964,0.5441239822170272,0,0
14.722226202047302,0.4822013792048655,0,0
11.715798471683666,0.30449138860818503,1,0
13.275799087720104,0.40823840108936676,0,0
17.359118969716178,0.6420271085267463,1,1
19.219354080398126,0.51870689379766,0,0
16.782598524165927,0.46774778808929435,1,0
18.39966186911795,0.6118168548373975,0,0
18.123034732081727,0.3869883367631052,0,2
17.51960317415775,0.47746518662869925,1,1
14.024579214216232,0.5137758405174038,1,1
16.52177053592546,0.45586224967053707,0,2
13.454866588353585,0.5100762822901599,1,0
16.052286858874304,0.4812306068578235,0,0
16.992590593200735,0.3600656952214125,0,2
21.036351422160564,0.5181477881879056,0,1
12.070804076897105,0.36716482084871327,1,0
17.444522892973914,0.5165615125096722,1,1
20.443709774870783,0.6374135824150109,0,2
18.27654329751639,0.47189768027239454,0,3
18.498836328475125,0.3828516870029014,0,3
17.763084705603436,0.48730121867950194,0,0
19.89500346932625,0.41680288919214686,0,0
12.737565495662896,0.5594509002631469,0,0
11.84222000208926,0.48520112524771464,0,0
15.980997578604232,0.6709763251664573,0,2
9.51651368928487,0.6162989595677338,0,0
19.691937412534035,0.48469194955185974,1,0
19.662145586486325,0.5715609067973091,0,0
14.699948334746422,0.46067635908371546,0,1
14.88768821001847,0.5033956885165168,0,0
15.782957574547986,0.4638565803649688,0,0
16.156061951318858,0.5766455959849709,0,0
16.381521757582856,0.6432988276709578,0,0
17.674696320634908,0.5798648207191144,1,3
15.482120940974566,0.5921936601285356,0,1
18.82957991043338,0.592303343723573,0,0
17.33784333137591,0.555125592233471,0,2
14.179109662382093,0.38607138407897323,0,0
20.00533800341229,0.67009715194165,1,1
11.925229041632539,0.6804410826698425,1,0
15.72350256753557,0.47661203966866317,0,1
18.900752203226403,0.4629302084783818,0,0
13.830780685263566,0.5612411652915374,1,0
16.928666940301454,0.5550812835183505,0,0
17.630018790997145,0.4798053931246981,1,0
13.418428396056283,0.37499743444123956,1,1
15.782566841217895,0.5305701190749778,0,0
15.53048850937237,0.5551436538175545,1,0
14.344786444503121,0.5725821148038798,1,1
22.905024556152323,0.5349292772354207,1,0
13.710680939663572,0.47288848516380905,0,1
19.01479088220365,0.5994002039506279,0,0
14.821596949356575,0.5065848497565918,0,0
12.740091433344155,0.4535076985635279,0,2
16.308442729465206,0.4819346617954279,0,0
17.947280153162502,0.3254030967525018,0,0
18.761528725197035,0.4817758175821461,0,1
20.686795331965207,0.5688436519874669,0,0
24.8357388698053,0.5339783022139231,0,1
16.751542611266792,0.6520664172981187,0,2
14.010723478523836,0.47370250859842955,1,0
17.358622980384673,0.5487313163053316,0,2
15.201361148780524,0.5792740176305772,0,0
18.77789838955669,0.7342857008287408,1,0
12.108507110902835,0.514476549111764,0,2
23.105003627201313,0.39558128211359767,0,1
18.56814428432654,0.5847928753355282,1,2
10.947987946611505,0.6865727355968457,1,2
13.872913293055083,0.46774512897733783,0,0
18.448243132341815,0.5841081538606416,1,0
19.529032168514362,0.622872805522892,1,0
12.18328711830411,0.6017065543970154,0,0
18.139077551298847,0.5125558522473578,0,0
10.15798038201423,0.4301526241786854,0,1
15.731992403586862,0.4918720451986414,0,0
19.33614052630962,0.5458600453877631,0,1
14.345452809691059,0.5908222524091729,1,1
11.479233102585958,0.5333945047999039,0,0
16.438644389132676,0.4620092033459423,0,0
14.185843400093566,0.5555379656149768,0,0
17.888675098197506,0.5860085067742821,0,0
13.34402070334582,0.5379610056414481,0,1
13.6820893310407,0.4163812885461675,0,0
9.93699303737127,0.481859396528281,0,2
16.50983413315445,0.5947820776412467,1,1
15.517285185170204,0.3616982191255526,0,0
12.434845987779788,0.2906821977608841,0,1
16.581396141301276,0.6508082850144021,0,0
19.081210901932415,0.551141525502188,0,0
15.35329616974315,0.5606730002520106,0,0
16.80450084946592,0.3923183026372944,0,0
16.819933748755492,0.5737528063466538,1,0
12.387010518463118,0.5275248687568365,0,3
22.16975746212279,0.34156724221516027,0,0
14.587450509633149,0.6424283414273857,0,0
17.96834860558081,0.5158683323618729,1,0
18.30764583168715,0.46039160339207313,0,0
15.581214618652744,0.4622010254014782,1,0
17.820385075178905,0.29847780945676233,0,0
16.737457665449167,0.5593336599631363,0,0
11.747080728317782,0.5261857207245725,1,0
15.003181896249735,0.4805919867666905,1,0
14.162347292937815,0.6278485207451672,0,1
14.614764875961619,0.36161409810041545,0,0
12.087990466490087,0.4403227523632385,0,1
19.379301150238092,0.4149991745239614,0,0
20.80597796384024,0.4721205020228447,1,0
18.934008927995226,0.5067470025257222,0,0
19.81158767244143,0.5430013523811354,0,0
14.966095488975531,0.4653026546894883,1,0
14.09122949504189,0.4122644264845106,0,3
13.664238859564865,0.6686006949770444,0,0
17.932194768871668,0.7411640191788569,1,3
16.68118915943245,0.5143286671882026,0,0
15.768334865204723,0.4243219632979133,0,0
19.885445632586027,0.6475454131042294,0,0
17.21482406144603,0.35532428936715343,0,0
13.484027087438246,0.46652266752951727,0,2
13.957273512592916,0.43038829486536984,0,1
18.045979897762436,0.3840464449549511,1,1
19.12519855796379,0.47199757670782305,1,0
17.65504069676791,0.4135827920826035,1,0
21.690666243616242,0.5012654464148655,0,3
20.905021497194255,0.5027177167672464,1,0
17.32310750455229,0.43786682764780205,0,1
13.484258021555494,0.46294866434061305,0,0
12.070037464804697,0.47691510320962893,1,3
14.837854764955855,0.5809846061119427,0,1
18.25964033924847,0.48515705989358143,0,3
21.47994123793581,0.5824701740786098,1,0
17.2523411032324,0.5585812983554655,0,0
19.50616838269371,0.5571530696900742,0,0
15.264077541436594,0.6387845970345973,0,1
17.86830737568265,0.38806091202540904,1,1
18.470070488431517,0.45268168936928865,0,0
10.061217172442415,0.676329880029957,0,0
14.75968359287047,0.47426834994107325,0,0
18.849101152833608,0.21848763100941504,0,2
16.823405006909695,0.4797031656852115,1,0
12.4104548555472,0.5134939530163249,0,0
8.70963287281793,0.23828868825687893,0,0
14.90265776409398,0.6333935639887949,0,0
15.785242921318362,0.4286287536134398,1,2
13.348231150514964,0.5328563115187516,0,0
16.429254811083982,0.4774018454655938,0,0
17.519160241698685,0.37116485807959587,0,0
18.012061512178697,0.392949186536458,0,0
8.932243225203033,0.4064917163572453,1,0
12.05714470657564,0.6085671909183639,1,0
15.086132054935794,0.4852461811899848,1,0
17.716519393112392,0.44781344834482534,1,0
17.467702040650106,0.4065391087409769,1,2
17.415609843630026,0.6196150221526127,0,1
14.849746174093205,0.6464201272523588,1,3
15.017099688070118,0.618474389870668,0,2
13.815012194734777,0.5492437339154167,0,0
18.304582384317545,0.5289830041870711,0,0
13.238533636781266,0.3784062182024098,1,1
18.550109185568708,0.47541808732889423,0,0
16.623559714412938,0.4316139796653563,1,0
15.86486656463454,0.317448789101529,0,0
14.0298688006706,0.6057043419165365,0,0
11.933374416507622,0.4304170053607725,0,0
14.057041730865864,0.6195941907435307,0,0
15.009979394125342,0.5881746400760012,0,0
8.892927065256245,0.5556717976633418,0,1
15.407934533996007,0.5612884071763183,1,0
18.773072104078018,0.43846861179262925,0,3
17.701653716301617,0.6857850151290665,0,0
14.511382372775477,0.5043125430953049,0,0
16.140808895245684,0.5301931685118704,0,0
14.331506291734001,0.43509236664333606,0,0
16.44628220000709,0.406883473922304,0,0
20.620323471232094,0.5477296008809424,0,0
18.90549640787463,0.5217513495938786,0,2
17.56238291707826,0.42106476340974225,1,1
14.521345262848845,0.3561573281224596,1,0
18.249815178834517,0.3730076912672453,0,0
10.93936914588084,0.6196133717091107,0,0
15.242939554027329,0.43867461853499284,0,0
17.75113425947185,0.4661091454324166,0,0
18.221263642143253,0.6450340258759062,1,3
18.009653470647223,0.38778494385135853,0,0
16.884492067629083,0.42730051742829434,0,1
15.41282506274835,0.4231233171439307,0,0
17.613927909479468,0.661806848116604,1,1
13.141416878241099,0.6993383500582414,1,0
13.46596821012025,0.5751563225402171,1,1
16.18520402938089,0.578338472415424,0,2
16.519592928126244,0.4419644997147269,0,0
10.52315446430606,0.6947328486904283,0,0
17.365439142848555,0.5267696254358661,0,3
18.31818513375818,0.585311026444974,0,1
15.768144287601114,0.4894475061229046,0,0
23.123398849851977,0.47319674126723893,0,0
13.951194681054442,0.6663042259596117,1,0
14.91673850983939,0.5539723679738306,0,0
14.814799281618372,0.6451375461070382,0,0
15.771437166126947,0.5255328171745044,0,0
15.013825561101127,0.4151633463576909,0,0
11.779568366185384,0.4416657067121512,0,1
14.360355111290573,0.5102965242464611,0,2
15.707137912677771,0.4373499783956673,0,0
19.685716246185994,0.38925385913723093,0,1
22.60672982011874,0.6201417031787024,0,0
20.006421693551964,0.4455129929176488,0,0
13.67386291098218,0.513819274779132,0,2
13.912571168121502,0.5296133589885604,0,0
15.522014267471947,0.44118468746794315,0,0
21.35367666656076,0.645079946630874,1,0
15.50372784345432,0.3882858238795387,0,0
12.017477528387708,0.5261625263580771,0,1
14.496468589140894,0.5246117706376584,1,3
18.27116800545825,0.4945745397135852,1,1
18.06982083068826,0.37030873867280173,1,2
15.399350000525033,0.5870817551863464,0,1
18.05024402068009,0.5743510670334596,0,2
9.180483392359504,0.4324431471408784,0,0
16.31148770509809,0.5707487207205362,0,2
18.58205626410589,0.5374907686300776,1,0
13.501410174536394,0.37193878546388914,0,2
13.490984390511136,0.41460710854286426,1,0
10.400655541709574,0.613828144488958,0,1
20.769686784432082,0.5309416185142051,0,1
13.8395380689353,0.44356970541893737,1,3
16.723129833586334,0.4141524108827358,1,1
17.811751124450122,0.4484606201884579,1,0
20.53620384742436,0.4555520470122295,1,0
15.538306678043094,0.41540369673707483,0,0
14.381710618664744,0.3258235887616697,0,0
16.519202945711662,0.6140013286400785,1,0
19.85224082962686,0.5970633672611443,0,0
15.489482405797649,0.37267445481931405,0,0
13.135392755247771,0.5136311295563668,0,2
11.377726575053913,0.4097761797285233,0,2
12.336107846184325,0.47384327767734646,0,0
18.593174492219994,0.46552334201263434,1,0
15.038126571079566,0.4572165784282127,0,0
14.177437270237869,0.7002947084076286,0,0
13.852098330448174,0.45596743153238095,1,0
16.255137580600547,0.4191736174933075,0,0
15.281634718703248,0.4237418570502952,1,0
15.180603568842242,0.6043776956401755,0,0
20.047971783432217,0.3347897668307065,1,0
20.6140488455849,0.423737708356448,0,0
11.16993498127301,0.6446822840111535,0,1
16.982778193428874,0.5243986187997647,1,1
13.669413704135824,0.5191922005036114,1,0
15.25524665841672,0.7132146460143701,0,0
16.927835155380084,0.5246347952948499,1,0
15.361840249207242,0.42918138386404175,0,0
16.6913796418829,0.47179229431236513,1,0
18.018910618095752,0.38645676909694315,0,0
16.88373040162096,0.6255937040015697,0,0
14.059491087497129,0.5574561717536716,0,0
14.112401179089028,0.6124414149970889,0,1
11.680884110145893,0.621298392854937,0,0
13.438239107437845,0.45857892190724675,0,0
21.886205085695586,0.405524714799111,0,0
13.623989277714266,0.4948286888691954,0,0
12.41986356266854,0.4127238929211462,0,2
16.95978358553432,0.5164956875409025,1,0
15.668905722124421,0.613209688083469,0,0
15.413220289452324,0.48318603539508326,1,0
20.22713789923627,0.514999508990774,1,0
17.647380026675094,0.49061543837766336,0,0
14.410021204889574,0.5802727572437698,1,0
14.72657224722466,0.433221760571171,0,2
14.492240458282945,0.2803553738356901,0,0
18.624218864740772,0.5470868859375381,0,0
15.075557111640588,0.5987834421307994,0,0
10.620539492637548,0.5446374244758536,1,1
15.855040963796966,0.4359769504531986,0,2
11.388921996616212,0.3864987901813931,0,1
22.552691805264708,0.5494497531780321,1,1
13.102996258458308,0.5141478952934674,0,3
15.514405703926808,0.487420737234167,0,0
16.774608204103412,0.6822463342993791,0,1
15.13402551796231,0.40531999058186685,1,3
15.129908795601422,0.6775037021127466,1,0
17.26548185848263,0.503178390487064,0,0
20.578647876388835,0.31644295231291253,0,1
18.30252724545189,0.4820797345680859,0,2
20.43554163572063,0.5959496076599441,0,2
12.860142675719494,0.46349449671950294,1,1
16.952087899766084,0.3525221458761605,0,2
16.465738156174837,0.483548546820383,0,0
17.053273875030204,0.4142827626108294,1,0
20.128695911906718,0.5491814401087962,1,0
15.337632550623837,0.5773399816067611,0,0
14.783489900337736,0.3943729592251894,0,0
17.601942392255992,0.42941959448843503,0,0
10.665391817302458,0.5756642465106938,0,0
15.289443852633465,0.4141155721701041,0,2
15.597406932143642,0.3917841864172005,0,0
13.238924151079225,0.38213088682037455,1,2
19.171177034069732,0.535203861295812,1,2
12.813279047970148,0.5309157719517464,0,0
15.592380854908612,0.4315953969620958,0,0
16.879471675968905,0.5005085396128234,1,1
20.060354684428354,0.6527132384155131,1,1
15.96833069535744,0.40259398430817783,1,0
18.808460782384632,0.30482573909895505,0,0
18.101786191831383,0.5455075575720371,0,0
16.37037266850743,0.48895988360984116,1,0
12.731459775179633,0.42899749131848985,0,0
11.696257417286954,0.5652080237354908,0,0
16.31951620425756,0.583922514466879,0,0
14.371909378292159,0.2791721980119907,1,3
18.757783275043877,0.4347402090668512,0,0
18.23756955429573,0.7317516231196854,1,2
15.44616701668885,0.5583404915798191,0,1
12.526861228176191,0.567610363829715,1,1
17.53220664882182,0.6172894278631479,0,0
12.946151661594548,0.5017068825199726,0,0
13.724608231207405,0.579668416009162,1,1
13.061752785354535,0.5718062043837202,1,2
15.58449693418014,0.5539041496752759,1,0
19.510577002211683,0.46779880293825954,0,0
15.984877389329414,0.5172058922366258,0,1
14.670343922716913,0.44116384356932214,0,0
11.423155209864268,0.5012814304566495,0,0
17.65637375418953,0.3831509107900733,1,1
13.658786182214119,0.42093760087270476,0,0
16.35255285747429,0.471768795807507,0,0
14.937344152250079,0.40562945685699237,0,2
18.51453165879831,0.44949827292548233,0,0
15.528290823914343,0.48360740232444843,1,0
15.823220936430845,0.5402262344664377,0,0
17.457241442366378,0.5949257301852909,0,0
22.320820546789555,0.4536215628621892,1,1
18.665340791075664,0.6335104617268624,0,0
15.734181680954173,0.5938611078625493,0,0
16.009593971845867,0.5504093831943941,0,0
14.425421619026697,0.5153649129296619,0,0
13.150012889440914,0.5319120841868541,0,0
14.341747638801035,0.6187051150666382,0,0
13.683553108864173,0.6223579659759274,0,0
17.960105151387655,0.6334946728383644,0,0
12.786415426393042,0.5041326831877003,0,0
19.999631684140134,0.5554967164998613,0,2
18.25613915085649,0.6343546506622051,1,0
16.061505188103006,0.4376283965083607,0,0
16.000955834395207,0.46815831462816965,1,0
14.32815607115634,0.5016036663013478,0,1
16.81025323404329,0.5899598737979407,0,0
19.264277389625768,0.5915172150718623,0,2
13.89053061323256,0.47691358888020646,1,0
11.399823733243808,0.349139054562029,0,1
18.10965476457023,0.5246183944295967,0,0
16.9730979227314,0.4081683862671599,1,1
12.639403595676463,0.35100637953597774,1,1
13.799825887257647,0.3736128439266283,0,0
13.422687177849578,0.5326381007845561,1,0
13.826403192897253,0.6361037360932807,1,0
15.028951737876437,0.5038894516236244,0,0
15.200358087157758,0.5211380654645965,0,1
14.04761903479462,0.6182894938877925,0,0
13.725508541500215,0.34555450909164453,0,0
15.313646968241855,0.5520176421600271,1,0
16.503074604578686,0.4988410215681179,0,0
15.051110390905466,0.5566057458832068,0,3
19.476001070023905,0.4516516091596184,1,2
17.52426314326236,0.41820627095735174,0,0
11.227462429423912,0.5140508904285606,1,1
17.57118329624156,0.6649191323334462,1,2
17.816631947756747,0.5860910104541462,1,0
14.695795095627426,0.44923072298199085,1,1
11.514407238090534,0.365902796401872,0,0
16.02420027823341,0.33179327163022143,0,0
15.976874045553268,0.6316099451850481,0,0
12.635061290400415,0.4044917711864172,0,1
11.646342351220193,0.46744865870050634,0,0
15.737339360639682,0.6321211126077576,0,0
15.300768423847535,0.3386098544521008,1,0
14.748203904032819,0.6492264509475059,1,0
15.749767795760317,0.4746359546107498,0,1
12.691670878539043,0.38514166847612613,0,0
14.695538161401657,0.4752649072851087,0,0
17.599975091843042,0.4277403218598522,1,0
14.950089758946135,0.5440819798905716,0,0
10.984082584622344,0.4351867566112222,0,0
14.581923166829284,0.30883577890809566,0,0
12.789524609479418,0.47794374655910105,0,0
16.801408889385193,0.3643454947713461,1,0
16.956512210141277,0.520431988398832,0,0
11.023676124741908,0.38128696677166757,0,0
18.277038911746565,0.4511987196827914,1,1
12.663441096164325,0.5182587804214336,1,0
20.677546871447056,0.47875412749657303,1,1
15.853671206498149,0.5250430283001045,0,0
12.260819504382514,0.5680287165717757,0,0
12.574041787921956,0.3842066300268694,0,0
17.044285875362036,0.49356024593752923,0,0
14.826100330304868,0.2,0,0
15.710038271145578,0.5247333301682524,0,1
20.838340698091116,0.46991858696251576,0,0
13.902267807312775,0.40165502365220285,1,0
16.17988857308712,0.5315719422296524,0,0
20.25953346211916,0.6172697577185068,1,1
16.8115404263992,0.4523982252401057,0,3
11.180191793925982,0.405518550975828,0,0
17.51616703519641,0.5165025262438712,0,0
12.510991426649667,0.36643933333536394,1,0
20.220422586198893,0.43396186294644606,0,2
13.531397185006067,0.6222402161650502,1,3
24.908528523236996,0.5062179229812288,0,1
20.402127964983034,0.31205330360538336,1,0
13.610162291116064,0.3203008352720599,0,0
16.060041415004832,0.5162085692646775,1,1
18.260932844900392,0.5862390575917688,0,1
18.35098142268012,0.33823785413738494,1,1
17.32700877992859,0.5449712607496509,0,0
19.75647711089833,0.6330343507489719,0,0
15.631093160096892,0.6887858987958639,1,0
14.8998469942719,0.5331222759859876,0,1
14.959408036226169,0.5506802594552475,0,0
18.57511969591638,0.2866815572371856,1,0
17.095543120907937,0.7099752547995989,0,0
16.873850997070768,0.44245097869038785,0,0
18.385702747771546,0.40665288415749584,0,0
9.846842776438436,0.47447938655603755,1,0
16.93020647162545,0.6511673414185432,0,0
16.655706666621146,0.7208046047543548,0,2
21.006424243902117,0.5125408679475845,1,3
11.414236053208999,0.5998084172603655,1,0
20.671559897130273,0.5043204048685503,1,1
16.226227386773996,0.3962204526981816,1,0
17.466968591980134,0.6476743670788291,0,2
21.02775636282813,0.4377872519643611,0,1
17.68228380401672,0.6535530773371883,0,0
17.201104868387684,0.6298541329769084,1,0
16.726873557406954,0.5614036263957208,1,0
14.549565595016869,0.6828974756254353,1,1
15.914532626468821,0.7232346033185738,0,0
13.853461701631755,0.48247566370356887,0,0
15.866299301723554,0.41912058815835684,0,0
8.992207908834711,0.31357301627435274,0,3
17.287118702702646,0.7244682255430256,1,2
15.634788238649124,0.45603179910815506,0,0
14.991388789999707,0.613503685710174,0,1
16.65927425182043,0.42587446324905165,1,1
11.699308231103679,0.6538265640912035,0,2
21.787809989863845,0.42998824081845866,0,0
15.691697615537201,0.3808280866382657,0,0
15.562466701083432,0.47914935690462496,1,0
13.103811369601233,0.44682242990383625,1,0
16.071839147347784,0.5596299785461213,0,0
20.160879670819842,0.49486050728074765,0,0
19.1077486282961,0.5627702394551921,0,0
18.56331325342167,0.4708978526914706,0,0
17.639196855001813,0.43348926289811945,0,0
14.92437241731217,0.44164394521039263,0,0
11.649510498889894,0.7044938798031026,0,2
15.396883684400095,0.5225170932226936,1,2
15.292385606398968,0.3016237790546955,0,0
19.146383319013722,0.4479790986545919,0,2
16.92817132737946,0.5096866032475875,0,0
20.836934583710644,0.6845399681250379,0,1
19.592465620114524,0.60286987158899,0,0
14.630513171487713,0.4078282163518085,0,0
10.614612410140396,0.7418355753572451,1,0
20.156725701824442,0.49688396351985226,1,0
20.078155669692233,0.6246329811074944,1,0
11.901365227293322,0.38449915026000975,0,0
20.5277200594825,0.2601836904749102,1,0
17.146351511777553,0.3591568509631639,0,2
16.48205649437696,0.2,1,0
20.84434976274198,0.7112089327252908,0,0
20.034055519691844,0.5214532918886416,0,0
17.95399285598561,0.40753559815519685,0,1
17.41965119743595,0.5452624029980121,1,0
17.849182871591076,0.5189334036180165,1,0
14.799827698352422,0.5620933395613992,1,0
15.834695650803036,0.6209531401136269,0,0
13.293048536216372,0.4710078846974985,0,0
15.000880672783243,0.4120160693899013,1,0
14.900098363993202,0.5827775214371917,0,0
14.094083891135007,0.5802332777884466,1,0
16.410239507945388,0.5100735808121345,0,0
15.028057447898268,0.7177554188680773,0,0
17.50670416105592,0.45621778771383475,1,0
11.133038160118705,0.41001420283647316,0,3
15.659935617678101,0.5418091427506602,1,0
16.39465492053249,0.43250621430865016,0,1
15.068112280489359,0.5495516524144896,1,0
15.482821900572306,0.416699174416056,0,0
11.244261967810427,0.4599757717068115,1,1
17.069431314008476,0.6890840420039166,0,0
17.94281794770121,0.45944126432523213,0,0
17.4806118826113,0.4201148455982704,0,0
19.11618117832655,0.6170678788706501,1,0
16.604588817347505,0.39489580497133064,0,1
17.436043541952813,0.43070567698529316,0,0
16.468272215370558,0.5576561120508995,1,0
18.06265215877748,0.5938411423873292,0,1
11.268311091603634,0.6220476391081075,0,3
13.319257096065968,0.4252778167779515,0,1
20.760698971099274,0.559600867298612,1,0
8.618692533711384,0.45338918004558204,0,1
15.579466210523968,0.4394344366489368,0,1
19.516824878824202,0.6203212782292286,1,1
15.720218003374706,0.4450445604140414,1,1
14.784966785647907,0.527820459602098,0,2
16.3882650304459,0.5155579469230639,1,0
14.94063945999266,0.39292456236614975,1,0
16.092548478270817,0.5966092855356321,0,1
13.949856890439612,0.5560280893678954,1,0
19.32602325986717,0.3013709388129579,0,0
20.269794763196984,0.5277421111237344,0,0
15.599829033665133,0.4227026565833379,0,1
11.84053173792627,0.6097075306412628,0,0
14.428470489059814,0.35546001632192414,0,0
15.448034019691107,0.46435230313704556,1,0
17.516616630709624,0.5362024550988466,0,0
12.975960330487966,0.5054340294141875,0,0
13.692513044073548,0.5762958256713971,0,0
17.532028413576423,0.34815780139907104,1,1
18.816726496118672,0.6651914336867378,0,2
14.135217864487947,0.5525144658788271,0,1
12.000348838147012,0.6359718213000896,0,0
25.852354603863652,0.5874240169233241,1,0
18.349912711266143,0.49883898855449565,0,0
15.198988714698904,0.37158017890888395,1,0
18.607093826592518,0.4436446818751299,0,0
15.626630110856734,0.6589563332862578,0,1
18.60147066730056,0.6385437781656382,0,0
16.478179593328665,0.438040001989631,1,0
16.27381569450272,0.2181695713797821,0,2
15.659254395307634,0.4787310265694881,0,0
11.657855999610732,0.47122971118708834,0,2
21.81428469817942,0.4750227387959617,0,3
13.17539823919677,0.5528539201831402,0,0
11.919929271068217,0.5876212579321664,1,0
15.361420351730898,0.5990299547099525,0,1
13.11558455946848,0.5445709140135367,0,0
15.844861628319187,0.3199229298077364,0,0
18.063291545685306,0.4658800267306704,0,1
18.985908701587668,0.730408978354919,0,0
18.444192164865044,0.5374216734802478,0,0
15.083103835642959,0.5367819568443866,1,0
16.148775482984757,0.5359485939773858,0,1
17.223637152692472,0.541537962250599,1,0
10.726637728173783,0.26168878189140765,0,0
17.711754100359578,0.47604756830889317,0,0
11.628102137248504,0.4962107168205311,1,0
22.12103979671947,0.6281495399253413,1,1
14.786454746074915,0.5047672894622296,0,1
15.445374468416226,0.3353488613398059,0,0
13.690878702286433,0.5430089156171752,0,0
14.11008990443293,0.4196175351757255,0,0
22.82228070742972,0.37832143589185824,0,0
18.821109065869894,0.4165840953283419,1,0
11.352392664556485,0.5542504229664516,0,0
20.51263870205569,0.6258761239760069,0,0
19.579726825424295,0.5482929945177587,0,0
15.156362613135135,0.5632023223617022,0,1
16.920090826089513,0.5473045272838001,0,1
15.955167761736778,0.5101327176860468,0,0
21.917739713340797,0.5696930634962758,1,0
13.611129433023729,0.25812245329305794,0,2
16.43803182932718,0.5111088351304833,1,3
14.715564007021586,0.39550749653777484,0,0
11.700878786146436,0.616290257254414,1,1
22.574914765164962,0.48528446947831394,1,1
12.455300262692763,0.503094808826783,1,0
16.660387562463328,0.3494928125746196,1,0
10.777898180858994,0.6016830889012852,0,0
14.80278838227072,0.5627328120273809,1,0
17.26590646430037,0.5556947882340503,1,0
13.525798061492912,0.4186977147831178,0,2
17.760405552206965,0.422636015506187,0,1
15.192876724335752,0.5223599454445905,0,0
19.48024753719584,0.4305501589751949,0,0
20.08528274002067,0.5434892962677339,0,0
14.239765717809965,0.28390873972332775,0,0
16.23019857817887,0.4512455443593407,0,0
16.550362679416697,0.6796753465426492,1,2
17.858047886304096,0.5439485827995765,0,0
16.043145988732796,0.5166793664530993,1,0
16.570632878028526,0.6985226535671357,0,0
15.269780575614641,0.2664046381198564,0,0
16.345719600916055,0.41846888852118924,0,0
19.893820580605396,0.45988268282526107,0,0
17.938249723635565,0.585835123300539,0,0
18.103766918330106,0.5875656363228237,0,0
18.169210972406734,0.4133993291017374,0,0
15.538573666356893,0.5997954322142549,0,0
16.95648113073859,0.45966852326782925,0,0
12.744478964992766,0.6211639625649167,0,2
19.80642296895087,0.39673573018779423,0,0
8.0,0.48766884009338396,0,0
15.738554822993724,0.450983268462344,0,0
19.422687931450824,0.6056030371565714,0,0
11.908396199111976,0.4477218783433829,0,1
17.199339752850552,0.4957551470988244,0,0
13.957700660262919,0.550681139766305,0,1
14.893590204433394,0.554525848302612,0,0
18.837822881918314,0.5886952607473172,0,0
16.59417077765545,0.5211124776844667,0,1
9.896932396346912,0.45817510847201687,0,0
13.070723380805205,0.465030125464125,1,0
18.926007204666277,0.5025672315207612,1,1
17.346828154578994,0.5249592476074383,0,2
21.244406717572854,0.48528283521515636,1,0
21.04794278203989,0.5019203420965547,0,0
14.973264609559624,0.34827461394278947,0,0
23.509713415208466,0.5667355284454678,1,0
16.07343900955573,0.518111228888943,1,0
13.111994396772923,0.6001870413541088,0,1
14.099080402268267,0.5000160507407085,0,0
9.229824684131744,0.32616024214782136,0,1
20.821057024747844,0.4641553810693325,0,0
20.78428596713159,0.4800070076881583,0,0
12.953477683560038,0.5742903305433599,0,2
15.316347134854283,0.2929726455486605,1,0
16.28682263233773,0.5041179516948935,0,0
13.11894084357366,0.5513675215793306,1,0
10.734693906186514,0.433851211471848,0,1
15.368927188669264,0.5074628009816847,0,0
15.03676171162226,0.4372963490850155,0,0
14.834766277033674,0.42704270667796096,0,0
16.668148187802895,0.4591580149868683,0,0
20.288558975577978,0.4289308007532989,0,1
15.090721840924822,0.5683618311936333,0,0
16.51132899616409,0.4265048123164622,0,0
18.180611571234806,0.40970899929520727,0,0
17.662428779538246,0.6767928666839533,0,1
14.156729426656474,0.5960740011824035,0,1
16.28913136934211,0.31384866393407995,0,1
17.64261946050716,0.4235231710147466,0,0
12.614945987467667,0.5242462971722711,1,0
19.790617032389523,0.5323755067231494,0,0
20.294766715642332,0.3509507134263107,0,2
13.83165923366652,0.6158565492822322,0,2
16.581010055044505,0.5825224419181626,0,3
17.926834770013095,0.5481901632040339,0,0
14.363157531013742,0.6356728490712121,0,0
17.444841537064285,0.5452289992570918,1,0
16.489766878876495,0.5448580879251848,0,1
11.596245467083598,0.6557679271822242,0,0
17.377483947935673,0.6101219580727709,0,1
12.699572751186892,0.4158492541088469,0,0
18.81760855498614,0.5633195178671915,0,0
13.986366774598334,0.4335732135041418,1,0
15.516143699016565,0.5504154550950278,1,0
20.116836740339725,0.5476613507019814,1,0
17.489144939586534,0.3616532687544014,0,0
12.761578241276364,0.4878154388688965,1,0
12.955250287602748,0.5265257023580402,0,0
14.202091634128823,0.4563709809005843,1,2
17.183932250069997,0.531470994239076,1,1
17.074899444798305,0.5805897777001069,0,0
13.470693086011392,0.49694069357692444,0,0
12.498371543156923,0.5224599476708259,0,0
16.844750215257502,0.6383424078555975,1,3
15.454419802629515,0.5473196583225226,0,0
22.471647662343212,0.5200824289674474,1,0
16.109810969689235,0.40419206203586394,0,1
21.442758483100825,0.5671026011388849,0,0
12.48884920568698,0.5330149949391938,0,2
11.280361181314879,0.6283739433701409,1,0
12.639744602423397,0.5046878543303311,0,0
19.5673893443604,0.3183733499866004,0,0
21.2683047690806,0.3299879131171738,0,2
13.653461638142097,0.5735680763759733,0,2
14.618301910721327,0.4429806402301847,0,0
12.4930572693625,0.5436767751110497,0,0
10.56508045864484,0.5114232644502356,1,0
18.15523509332989,0.4833160332306079,1,3
16.66906090888649,0.49036387144117766,0,0
16.031463948021628,0.4134610494954773,1,1
11.79983038850986,0.4984222311100329,1,0
20.919870045485983,0.44155065672056015,0,0
14.489929785851581,0.4627743479874295,0,0
17.600879274449426,0.4676350955290839,0,1
11.636315784265827,0.47733067301012805,0,2
15.428424431139888,0.5922173456507086,0,0
16.87412336871575,0.48702091707953066,1,0
16.98122565415992,0.6023702336590099,1,0
16.463945629709876,0.6537854951326482,0,0
17.48356747614632,0.585494465105615,0,2
12.608438631901116,0.5534468535068511,0,0
16.59211781631898,0.5326832209483521,1,1
16.341273050440833,0.586535870905007,0,1
16.695018052585183,0.5089360738596239,0,1
16.217035651957545,0.5984569845957198,0,2
12.180361678259807,0.5614105805289684,0,0
12.046600743673078,0.4640159539219612,0,2
9.357195442346345,0.5895850880102806,1,0
18.452603529535892,0.5091480005977569,0,0
18.482972529205597,0.4893867992387684,1,1
18.53065087366636,0.45238008396010126,0,0
16.920369887384354,0.5166018847874573,0,1
9.600642346845667,0.5996462615412983,0,1
12.919868524644201,0.5888940005593037,1,1
16.511246252779337,0.5353393797458956,1,0
16.406554008375387,0.5599643640725035,0,0
15.331755360543937,0.6271696791522559,1,0
17.10675160872474,0.4850033708829139,0,1
16.034955123055738,0.38845799964697936,0,0
16.362311396654086,0.6301129852178573,0,0
14.082804001503952,0.4470221747969282,1,0
18.94603295836477,0.4309661876656095,0,0
14.707685173958847,0.32038022446654485,0,0
12.00805275093812,0.5571283053164297,0,0
13.687002961543815,0.33785473754477785,0,0
14.95460142591406,0.4249741192308263,0,1
18.98200836510654,0.5588236794515059,0,0
15.873196004695622,0.5721921252408372,0,0
15.441555343103053,0.4348295851781766,1,0
12.254009725712118,0.48658466730075944,0,1
18.356447769488728,0.4127405473593847,0,0
14.044143537929843,0.4451603212188817,0,0
15.699916423175992,0.5266215260152907,0,0
20.440549230645594,0.4498353321203542,1,0
17.526289993147913,0.47557849598243307,0,0
11.115237856854478,0.3535293318382433,1,0
10.691469290942583,0.6132956164806138,1,1
15.807068649642261,0.5510066593171066,1,0
12.361778155375585,0.5792905371837201,0,0
17.945640242898993,0.6290425324616862,0,0
16.126789194894936,0.41747871244542833,0,0
16.49615430707159,0.4641605516971976,1,2
13.87977045507294,0.3105165632417789,0,0
21.22415096586012,0.8140422910102237,0,1
24.527781184031376,0.4850414684682624,0,1
15.164245828729856,0.6038727899914912,0,0
17.059117745245004,0.3761838855664541,1,2
16.292252029192937,0.5996388425643009,0,0
15.220939409676793,0.6857590876649666,0,0
13.50378859680161,0.49397192509720184,0,0
12.745096037558568,0.3989118503410399,0,0
12.593208203423426,0.4861203599054464,1,0
17.215720076647436,0.27732384750427735,1,0
14.440976565389095,0.4962113298978158,0,0
8.265121449578409,0.5820967139312996,0,0
17.334574661794967,0.4964242355626486,0,0
15.885216152607532,0.47158604453110325,1,0
20.040019004203437,0.5527568116112033,1,0
17.119367191273028,0.5604024846949552,1,0
11.563979211069109,0.3340094437494817,0,0
9.310970077810056,0.5088822962278788,1,0
13.841582846986189,0.7435985124229243,1,0
14.124677737919042,0.3664983754351976,0,0
18.829477603000498,0.49145811671669337,0,0
15.97338720313128,0.6941746122051703,1,2
19.401065494295526,0.6104175156543675,0,0
12.025500832892096,0.44866033192239385,0,0
18.895793153141344,0.5206135379622604,0,0
18.16296746029276,0.49978883200151764,0,0
9.945297665706411,0.4251928195678333,0,0
19.967853523782317,0.49257478925069176,0,0
16.28037547529906,0.47200338671934705,1,0
17.176133511605517,0.511274893807675,1,0
13.405311662714732,0.42516168193089665,1,1
19.82574103876592,0.37233817997553387,0,0
12.442443012283391,0.4958719226607629,0,0
18.49627605512184,0.671511821817878,0,1
18.461822427726013,0.5082202926262797,0,0
13.077497715483334,0.46684062210684546,0,1
21.950120798267722,0.5754085805038498,1,0
16.694585440652556,0.48416803874046216,0,0
17.961677830813073,0.686803292495911,0,0
11.418637613992733,0.49960874907049213,0,3
22.353190009025695,0.5700497063158163,0,0
12.32632917932473,0.4245395617606727,1,2
19.074659298297792,0.5503089253336663,1,0
13.015684846204914,0.5275093476943754,0,0
14.143033591456952,0.4943493875340792,0,2
18.36626213165634,0.44982422388302795,0,0
19.082658141025473,0.43619698343476254,1,3
12.186147252657694,0.5282352663979653,0,0
19.271416507170983,0.5628939109696474,0,2
19.134941485399583,0.48728372037058687,0,0
13.186139773465323,0.5287267929120792,0,0
20.79594278077333,0.49620853218672306,0,2
11.629427115255886,0.5098526024905388,0,0
14.125682251667154,0.4799555017322775,0,0
17.437007872275966,0.5017972579368308,0,0
13.43930114589218,0.7698040456817427,1,0
16.791457257038022,0.5311634298807425,0,3
16.723228236409884,0.5645296958431043,0,0
15.43877719023184,0.5438023605328097,1,0
18.49720161577168,0.47371831767029404,1,0
15.314917622027082,0.6293989213291669,0,1
16.694623206441417,0.47088362295736585,0,0
19.439415632463707,0.6055054548942551,0,0
18.37205863007752,0.46657930019335514,1,0
18.358051872442626,0.4040027480855959,1,0
12.552461193349659,0.5365396208236193,0,2
17.574377726503965,0.38953316438978935,0,0
13.364503627091485,0.5535640225016609,0,0
12.155755060665921,0.38058413439086836,0,0
15.784880961145095,0.4680991969527147,0,1
13.28711444004523,0.35682703034752583,0,0
18.371853156519933,0.7824167009402729,0,0
18.44360637908597,0.3346040440383685,0,0
10.292121290705674,0.5009813740396404,0,1
13.51509238126933,0.6143304274330014,0,0
11.620639984246004,0.6036385908587025,0,0
14.612112170221328,0.5851342122173138,0,0
17.365527009606474,0.46827716117785245,1,0
15.273135705464835,0.6351088946337002,0,3
14.230722277998595,0.5913391090802183,1,0
19.900529580439418,0.5212299617660476,0,2
9.085428482211135,0.5240580757726592,1,0
19.710615680554675,0.4696077352384627,1,0
14.367135120533543,0.4090347974166961,0,0
15.765672969661631,0.6237150975478717,0,2
14.417909986839675,0.6312207993601532,0,0
20.628664316617353,0.4115890858970079,1,2
12.307064509584222,0.4846214834853808,0,0
16.03520910916581,0.4856576783541071,0,0
17.58231595557999,0.496734409625969,0,1
11.166991696344498,0.5064294878587582,1,2
13.240305488661539,0.594686146164618,0,0
15.555464399505313,0.4252782691513256,0,0
13.340004895946876,0.415365300848734,0,0
13.55322468634255,0.6236619742142975,0,0
14.950412010770687,0.45373552581187016,0,0
17.948743994938518,0.37369646464229334,0,0
14.971846669365567,0.451487005790013,1,0
19.23527858341884,0.4669947264755999,1,0
13.006726652021936,0.6554962727725765,1,3
12.244233218579643,0.5924826212376737,0,0
21.7790362171634,0.6147520616632243,1,0
14.026125617003466,0.5819973642346786,0,3
12.06726397878352,0.5946243671615314,0,0
10.77383817468451,0.43119178734196817,1,0
19.225310361426818,0.48013978446465155,1,0
14.976086456019821,0.4010084686976451,0,0
15.238870794800805,0.4789511969462967,1,1
15.52239486524008,0.5684104990934741,1,0
19.038828654009343,0.5134583284812246,0,0
15.461410498072238,0.6311480818960296,0,0
23.03216133649788,0.38585842077727805,1,2
16.401281722162686,0.550023835069824,0,0
19.185354300874963,0.3751697198130682,0,0
18.41571957371322,0.5094176469173642,1,0
15.890658039225887,0.5740333422556478,0,0
14.23908704193861,0.47854974331757805,0,0
16.995891785699662,0.5551126604086956,0,0
17.53029619362182,0.4040267665167066,0,0
14.282241855620418,0.3336310021803617,1,0
16.499016597851966,0.5557029622487804,0,0
19.708614934778787,0.6744010234075732,0,0
22.209843217209034,0.40039550598301077,1,1
18.563107961048264,0.6222194180106795,1,0
21.588279059140845,0.5043423408816411,0,0
14.111877366380632,0.36643084783069235,1,0
18.105646756177883,0.38684946986478375,0,0
20.015558525743817,0.501578477336065,0,0
13.311000001084013,0.4595537712075896,0,1
14.543229663864972,0.3687087023241761,0,0
21.213714285505752,0.3305960718774595,0,3
13.074703432639181,0.4153280672073494,0,3
11.976609902032868,0.5193809008331118,0,0
20.583944720918534,0.4993599247396862,0,1
19.590289674941317,0.4498762042499922,0,0
17.296360731951307,0.5201887194291482,0,0
15.862867736062517,0.6040026719862688,0,0
14.684426483185055,0.5394126510434147,0,0
16.845846621427153,0.48786913286104194,0,2
20.73942087220465,0.5928072006660688,0,1
16.71569837842623,0.4040149697783705,0,1
22.5008778017409,0.47750804604446484,0,0
13.30617404307931,0.4798912064399632,1,0
15.940957737015191,0.37630467415571545,1,0
14.880823997008253,0.45801258377156423,1,0
12.744575370513001,0.2925040319104697,0,0
15.540748800971034,0.6912178047662954,0,0
17.25198790498132,0.4062586211563687,0,0
17.57269053985609,0.6586114131421312,1,0
22.511356536833667,0.5038084505719492,0,0
17.39340240917068,0.5564864132155959,0,0
19.45041041103885,0.4511200201649068,0,2
16.19828273889693,0.5207929691961675,1,0
21.034166801357784,0.5650489639988436,0,0
23.195347856764208,0.5664552414394182,0,1
17.59325539292785,0.5774773390074357,1,3
13.022022953645255,0.46316672899608236,0,1
14.353584931668495,0.4519640327508645,0,0
16.845802909615486,0.34058236747323967,0,0
17.369494105751937,0.5523219011176936,0,3
18.095275403153117,0.6082378711323443,0,1
17.380593043690123,0.6615981679917929,0,0
16.020954748767817,0.5305172634580507,0,0
14.091404676393614,0.42335202270914307,1,0
17.203414783792688,0.33029038567105445,0,0
21.564962072441972,0.6041666733083351,0,0
19.059785816283263,0.3203723433222464,0,0
17.604111848908595,0.4659395922256233,1,3
19.088700771468254,0.4775693172056354,0,0
14.886807913297442,0.49305448621489806,0,1
14.475204561750038,0.503580260003584,0,0
13.756644686902055,0.5138147556367575,0,0
15.624140131691686,0.258463673792147,0,0
14.73398230987276,0.5014655909870127,1,1
19.624824221956416,0.2770424425888123,0,0
14.574029746953434,0.5732218073090994,1,0
13.59183485132525,0.4444874844196388,0,1
21.827731536491896,0.284296327477665,1,0
14.64587430675597,0.4185795322614624,0,2
16.46058537175105,0.44299246608153464,0,2
17.353968474230236,0.6190699617555004,0,2
12.589920643237555,0.5196637741750245,0,0
19.70645130850921,0.534444494435058,1,0
17.91135712123368,0.6181221634220602,0,3
20.675152035642345,0.49038557120755105,0,0
13.9623341883457,0.5754187961032403,0,0
16.29737737742848,0.5683861113931992,1,1
16.118067264982585,0.3713530506430588,0,0
16.791665483050064,0.647298357762983,1,1
11.636155754268517,0.35796982199293054,1,1
16.332509136076666,0.5917366649477849,1,1
11.720608265728764,0.3482926963094367,0,0
17.075002213590764,0.5601236788151673,0,0
9.61405262644444,0.6861914878150173,0,0
10.44523949712824,0.4787021343449789,1,0
18.455646149319996,0.47436443571468534,1,0
14.359484634415653,0.561043999931685,0,0
13.036425779103277,0.4670603544037457,1,0
19.812536863226644,0.6818278703742822,0,0
16.982878651985246,0.5192192249458696,0,1
18.616270586601352,0.46798304917792743,0,0
15.501273783037508,0.4459714472104317,1,0
24.038886081700007,0.40670515298269794,1,0
14.186458418320615,0.43722450132425106,1,1
21.233486648079666,0.46493266063414035,1,0
15.815901879700261,0.451236092650142,0,0
11.036468815261763,0.4341824725862896,1,0
17.448546237244326,0.709884123035244,0,0
16.94428768436549,0.396990492351051,1,2
12.84603455728231,0.5146632587646175,1,2
13.233342168595856,0.5592521009760872,0,0
15.925907070745023,0.5630107995583733,0,1
17.049243445743944,0.4941392924217528,0,2
8.588010151361797,0.47592974281526906,1,3
19.15936435757141,0.5451547491239507,0,0
14.516506078555068,0.5266521649978201,0,0
12.004757546805472,0.4741041165232487,1,0
18.823199654355793,0.3438121428275569,0,0
15.929146061744632,0.4532076277666752,0,0
19.648497330346764,0.38534498362925423,0,1
17.313856788939265,0.43328404499336737,0,1
15.995456491155862,0.503322323851696,1,2
15.541810165059532,0.5358736143996616,0,0
17.448138281668413,0.6780452751292406,0,0
14.75940622357201,0.4462593621096186,0,0
13.442282233760501,0.577462563527515,0,0
17.829727367963933,0.5305960024437837,1,2
15.566536475666712,0.629599767063979,1,0
16.10070294420702,0.5576228719595626,0,1
19.268139508463822,0.39915185727136837,0,0
15.658370176792777,0.32769539707087686,0,0
16.045101776625373,0.5311261699667504,0,0
14.201051465647204,0.4471549002099609,0,0
17.292219801945553,0.40196862540494027,1,0
17.049483738040266,0.37324222954669223,0,0
18.702325395371673,0.5160975497587156,0,0
14.262613488979373,0.6507707699313365,0,3
14.626549091229442,0.45913276542939585,0,1
18.37641219743641,0.5590270311075323,1,3
16.75663901008859,0.48977336497824076,0,1
13.281345621421917,0.3710617910896607,0,2
19.9196622032035,0.5734811343510418,0,0
10.904648294799248,0.3905307955972629,1,0
18.352854259791254,0.5021626630593564,0,0
12.20436389200541,0.46584795849946947,1,1
21.657365549456582,0.5893077434565692,0,0
11.36620081928313,0.39418490075293133,1,0
19.456751955618245,0.539086990780196,1,2
15.755096919966268,0.4160202592651299,0,0
14.900192290483767,0.4488894787671215,1,3
16.556189969403285,0.2,0,1
17.89570101747344,0.7092098571617909,0,0
13.286798493007392,0.5550556932826232,0,0
13.552636824494282,0.42326525140618354,0,1
17.948814595338657,0.3875344311667006,0,0
10.877971139051201,0.4504351247120659,1,1
14.247312720423743,0.5716879534819451,1,1
25.12206086247832,0.3107915074415074,0,0
13.095961106232156,0.48584155807056617,1,0
19.443408375279258,0.6770641872462674,0,0
14.242147693858563,0.3866053664032196,0,0
17.527135434391433,0.5080385038763655,1,0
17.963067071788654,0.7203309815257758,0,1
19.386870205548842,0.5632151629690773,0,0
15.399238519561672,0.5125923820485455,1,2
21.96665391626456,0.5506636454909003,0,0
14.231990306244459,0.45991346649902975,0,0
16.70266124079868,0.629963128530344,0,0
16.735830796652824,0.46006699770997883,0,2
12.634095640151754,0.3040818391264023,1,0
15.142383235062638,0.460869689605954,0,0
16.484540497715223,0.4033265470123296,0,2
14.70363687061174,0.47188059878025707,0,0
23.322771896369606,0.4740915940919369,0,0
13.484128979201408,0.6197423199804908,0,0
19.538273404421282,0.5695292726664386,0,1
18.569379439446358,0.5263265487575397,0,0
15.958413596487185,0.4997054588667405,0,0
13.404372838443258,0.39411419911420054,0,0
13.69523403882469,0.2818824762334322,1,2
14.44609810235047,0.5113160011392783,1,0
10.642776154161211,0.5794641203573658,1,0
12.989603722602128,0.4891666116755411,0,0
11.552570453909073,0.44651456772132997,0,0
20.03762500953315,0.5464502165214212,1,1
17.855387177164655,0.4916667799375653,0,0
18.35792229659638,0.6685744191973961,0,1
17.766495854625845,0.6232728342068284,1,1
16.50090287000249,0.5959508057023329,1,2
20.38204099638741,0.5757734114209904,1,0
14.167712032804788,0.37098325855485426,1,3
16.320008966101135,0.56629937020526,0,0
18.24117648347237,0.5376325957646575,0,1
12.036372304431612,0.5606424728391164,1,0
25.289766688427648,0.5492609486813053,0,1
16.08569728833276,0.5452762587848066,1,0
16.425968351726777,0.7700866469549594,0,1
19.770634095024764,0.4923814330048081,0,2
18.744865999030672,0.5936337380829331,1,1
16.11423405818938,0.4529010189735997,0,1
16.390388314294125,0.5790641583887672,1,0
11.487554407156063,0.5939319890232455,0,0
14.330602666450071,0.5364426077135348,1,3
17.55163064847688,0.66692469423765,0,0
17.33167851712866,0.41157239636395826,0,0
19.66349725001226,0.4512779058331778,0,0
15.638496825330026,0.5212380086023489,0,0
11.8381404597074,0.5880806853484222,1,0
19.170191292327033,0.5179429521294934,0,0
20.308268038546046,0.6285759036510566,0,0
18.69473371856869,0.43383101290336806,0,0
15.509098987427526,0.38594215105114454,0,0
19.133158155629737,0.5308128336536505,0,0
26.28673143402464,0.49228197238863036,0,0
16.345456943321427,0.554286372035822,0,0
12.064789923264627,0.4972597709133496,1,2
14.241144851343543,0.4659980209376543,0,0
17.876428000912153,0.49250624282762767,1,2
11.18558706730581,0.5028848894793185,0,2
16.50820922473621,0.46950187001516697,0,0
17.141009950947648,0.4796867953676572,0,0
20.605365219437957,0.45964066630130895,0,0
19.9305845681629,0.5856665119869406,0,0
18.593754375255312,0.5194021004505799,1,0
9.511962968456412,0.7256752472168766,0,0
18.763159384143776,0.5160704551278462,1,0
18.11654015818074,0.4449142529671338,0,0
16.76783313123504,0.7670675374863065,0,3
10.809333621563542,0.5413626377714336,0,0
13.66967827243882,0.5990124786892816,1,2
12.499531691397802,0.5592102983202492,0,0
9.954974681478728,0.5623011029297749,1,0
15.991254545755616,0.5535654051352474,0,0
13.60653363567166,0.3897915435223935,0,3
23.875916740806737,0.5367529047561412,0,0
15.493684181686271,0.3675138696149761,1,0
19.881259467597882,0.48256371635874656,1,2
11.292702925920327,0.4274382543436713,0,0
14.40973124198539,0.5357470185848724,1,0
16.290693628102943,0.5334126247338234,0,3
13.275538154176989,0.5481145890765187,1,2
14.733397945585768,0.5287296572749087,1,0
15.346147281269383,0.4393174658213601,1,0
15.298276043665316,0.47389965106483206,1,3
21.565355719106037,0.5920396161254485,0,3
17.13467885629453,0.60678566772944,0,0
17.43853168882391,0.3853216901373451,0,1
17.61896432303521,0.34690723674873536,0,0
17.837879132011338,0.4273110616795288,0,0
15.751339048375405,0.604520758203225,0,0
15.037760885563461,0.6214884030183034,0,0
16.500448178554834,0.40752881195988283,0,0
19.47041184674042,0.5307309353736338,0,0
19.378714565309153,0.6834431333140087,0,0
15.278804572934767,0.5415311477240334,1,0
18.303531084004334,0.6421503285233093,0,0
15.416246010880997,0.5998726570083098,1,3
16.10161164830573,0.4089801293772089,0,2
14.579429855337407,0.4810018576502922,0,0
15.455064583281299,0.5034754478291847,0,2
20.02399020864904,0.510413338802134,0,0
16.27726344201771,0.5916328953438571,0,0
16.405847525656952,0.5408684762275409,0,3
11.658346662226124,0.2063799056221885,0,0
15.072268277101811,0.3687159726907274,0,0
15.276055288765814,0.2812619085023957,1,0
13.512569543669784,0.5175365240655334,0,0
16.06499623511069,0.5240487649467761,0,0
14.712453129317037,0.5283224958610718,0,3
16.239987565730747,0.4041071732285384,0,0
16.364509029456805,0.5674144005119989,1,2
13.132736926532067,0.5716262496468529,0,2
14.803894652550431,0.3744850932794842,0,0
16.2321228482825,0.35339617985511274,0,0
19.552898293470175,0.4999868313773062,0,0
16.770157518387222,0.6791782273613359,0,0
14.014194460247717,0.6699742742198642,1,0
17.197014277731558,0.5563404360448052,0,3
21.12264666796528,0.42700033284199235,0,1
18.750119417767056,0.5886842659488585,0,0
17.64257959130686,0.45475757351909585,0,0
18.176770526446965,0.42324929633261893,0,0
20.31986212428589,0.2856033168378006,0,0
19.22688038205298,0.5102382198347652,0,2
17.700281143352974,0.4370132650862625,0,2
19.205926658770256,0.5096430379528505,0,0
12.755046711207818,0.27006423037629385,0,0
11.493204242979157,0.5169826672583687,0,0
16.47129595193149,0.2568878836028372,0,0
16.206042128951616,0.6087940253268552,0,0
14.368269839460227,0.5521891234135085,0,0
18.47755800948313,0.47213352285754123,1,0
10.411409240646293,0.5562719860082079,1,0
14.395683231826588,0.40219257373364475,1,0
14.545133365367155,0.5072375515614892,1,0
11.091094644701622,0.5794774038460335,1,0
20.48419302180791,0.2,1,0
11.92239619401003,0.4552775640322476,1,0
14.234979828076941,0.49773558698636255,1,0
18.7239392734154,0.48037063822542336,0,2
17.938136030286195,0.6457101826227405,0,0
12.67547591054576,0.3876098875077115,1,0
18.04746762778191,0.4378840756554771,0,3
16.869353435974666,0.3084130973691551,1,0
22.9991066863344,0.6510286651273145,0,1
17.211821248204913,0.47537098573912,0,0
15.576274536794404,0.4561591111963293,1,0
13.430494128641731,0.4947517317689286,1,0
13.767269899133286,0.5636235828430324,0,0
13.522692713595525,0.5347363403516124,1,0
20.113296441735766,0.7647884213557088,1,0
16.053909745049413,0.5453935888403775,0,2
17.69574137192419,0.4534754570830919,0,0
20.542742799942662,0.4438643262476053,0,0
8.924607573377605,0.4607241047583191,0,0
19.836621294101125,0.3498163075370162,0,1
16.166190735350003,0.5039864207491586,0,1
17.305145114921334,0.5783468106208918,0,1
13.514790334755247,0.43866363993767643,1,0
13.734626804654445,0.41926199437158884,0,0
17.466537669438964,0.6515945146294234,0,0
23.15379340099441,0.35735168433788345,0,0
19.009939938444703,0.29321816235226983,1,1
19.79656876425562,0.38470980563526175,1,3
15.42399618921574,0.34595672828757035,0,0
14.199387326243116,0.5386226064104582,1,0
13.65758514526302,0.46392954995504265,1,0
14.535178825909936,0.478031295497616,1,0
9.841652700488424,0.6152934176974774,1,0
13.825241971325195,0.4308665138837223,0,0
14.31894053182047,0.5775089411745641,0,3
15.473925476815477,0.6511322799203203,0,0
16.395250329241875,0.4544337501986339,0,3
17.08735260587683,0.5737022855556314,0,0
15.95522388267112,0.475818208747102,1,0
14.255670740971729,0.5924098128840789,0,0
10.109924070203437,0.3428510812423727,1,0
14.27407417479462,0.3354487754874653,0,0
13.082648086938985,0.46087322850924595,0,0
17.398200244835813,0.41110751909402293,0,0
18.727862190081083,0.44832908905701147,0,3
18.81571320117982,0.478047341755286,1,0
18.27085820838346,0.5720013531836252,1,1
15.599422793642535,0.4592339421434065,0,0
14.43413330357231,0.4176138689376913,1,0
13.758691738998802,0.4648486623241101,1,0
11.477503250194749,0.4230854720193382,0,2
18.975561101523574,0.40659944979372853,0,0
15.475866886210078,0.33869831864230304,0,0
12.260979119137378,0.5069478116221079,0,0
13.520525872869296,0.44312942934029464,1,0
13.399079630702342,0.5966278739234672,0,1
16.12907345504538,0.35526039079410593,0,0
19.202403553212058,0.44579164449521214,0,0
14.95603135121325,0.6812907220658749,1,1
9.242399455649053,0.40603904829021503,1,0
15.43245899452324,0.4763466747903876,0,0
15.531418299708413,0.37841560171746313,0,0
15.325239307193435,0.3651572487219019,0,1
14.117616500572895,0.6547310983087679,1,3
16.652317242177528,0.5171039492637147,0,0
16.198423345447004,0.5133678838237623,1,2
15.925509057620058,0.3303683764883778,1,0
17.237924084328895,0.5358741388108303,0,0
14.710501530556439,0.6157421945993826,0,0
14.54024299089804,0.614947706082853,0,0
20.1403698687562,0.5668333229606161,0,0
17.678066229146307,0.3870514422404596,0,1
18.4808381828284,0.5313123417192992,0,0
19.678313756002204,0.5667584960476608,0,3
17.5778325418744,0.3205556414911098,0,0
18.785166037408512,0.38787204085182153,1,0
11.26196451378922,0.5888157321743441,0,0
16.61246161598808,0.5876045776671929,0,0
15.451844614557018,0.34514169663786076,1,2
21.03305227269943,0.5795021459269173,0,0
18.7829365954099,0.5095303399153618,1,3
14.108664427620461,0.5781008954607152,1,3
17.118382475587616,0.43654786765660586,0,0
16.50304400034772,0.5645183496480902,0,0
17.362994299456687,0.5843828774485624,0,0
12.943472591876045,0.46486650645442884,0,0
17.080049395714674,0.5017752546173286,0,0
15.315545952135297,0.43514783704953464,1,0
16.8473492921668,0.665163894868588,0,0
13.826844504633492,0.4879728060674234,0,1
14.244810485810202,0.4077975674822818,1,0
19.521526061100108,0.428417408612525,1,0
12.845357324979517,0.5126770601142113,0,0
13.066736796873855,0.5753331171778212,0,3
15.845256228353266,0.3664173154849478,0,0
13.684328874442137,0.6847660002942448,1,0
13.344914103211604,0.5308675294055616,0,1
16.315227913624884,0.5466455972969413,1,1
11.484802429288886,0.49028104561765634,0,2
12.976113295259086,0.5019258967351126,1,0
22.16228674877093,0.4851716862072597,0,2
17.378425176907026,0.6017795969035961,1,0
13.760309943190267,0.499207141254663,1,2
17.25464523479859,0.576705021849271,0,0
17.70199143095989,0.45661524766474276,1,2
18.983243260270715,0.5195640528312315,1,3
15.618531911629809,0.4196079655760579,1,0
18.929493108318667,0.6216528232549537,0,3
9.88466042535348,0.4166252759280884,0,0
12.83107560857274,0.46750205557386737,1,0
16.491614205209366,0.4685039587545255,1,0
16.988900598423374,0.4646048612326232,0,3
13.264653136994074,0.5722495769442937,1,0
16.778259973789478,0.46833422352633564,0,0
14.128479253938218,0.6393924530541073,1,0
15.169122717318503,0.4181524913869832,0,3
19.074321401995032,0.5169377469942706,0,1
18.7268124906658,0.42242140106874,0,0
13.008819017910213,0.5420972782531467,0,0
12.82824561393969,0.498405027302323,0,0
14.766479813340052,0.48449379553015215,0,0
15.919761096481224,0.6188474966503524,0,0
14.026304534275777,0.43456581289448964,0,0
19.121927328399003,0.5586515157618,1,2
17.042169525125665,0.42310400873252074,0,0
17.218255329623286,0.5112685200160374,0,0
12.200383513165086,0.38044246717765545,0,0
19.50187215215134,0.43374828536932597,1,0
8.0,0.4917856954427135,1,0
18.502166355548106,0.6814649167323078,0,0
18.80293521301231,0.5100803870459774,1,2
14.702796438166116,0.6654668315866706,1,0
19.81873065174227,0.5220323291690918,0,0
15.810707341136961,0.4612915755525061,1,1
16.18729510998233,0.6539356522600693,0,1
17.01858636221265,0.5437017622073419,0,1
25.559724735433164,0.43572784061172865,0,3
20.033301724249014,0.5470571459400297,0,1
18.103393602138755,0.47074052500923896,0,0
13.261586540196415,0.3010965803828704,0,1
16.430769476438478,0.5935973159265617,0,0
13.56062771846084,0.609493405564193,0,0
18.466332541848438,0.6837942029992276,0,0
16.42140092720457,0.5422143692195263,0,0
12.626434961158314,0.47512765759174674,0,0
16.243373750255508,0.5834989427378586,1,0
13.451747590851085,0.5849820365318906,0,0
16.45364866401264,0.6638281183136422,0,2
13.422768050904232,0.4955372376933558,0,2
16.08246290008244,0.48344210274324056,0,0
18.251409585805284,0.42844555802414724,0,1
15.840844024224682,0.5537462086725202,0,0
14.827335198482833,0.34517383317691647,1,2
16.609828663172387,0.5776087372862565,0,0
18.091547862378558,0.558783512186579,0,0
12.678450190354718,0.5585070202458372,0,0
16.781968464115607,0.513822523650184,1,0
19.9526224570522,0.6532978247531085,1,0
17.720970889830145,0.5871993465426864,0,0
16.173262440001682,0.43929228086243,0,0
17.919212520096686,0.4410820950302353,1,0
17.35748936830805,0.4120326186585363,0,0
18.260803327479444,0.5551283332775587,0,3
9.928205167051168,0.3999861078760043,0,0
11.339631599010204,0.6083392143583353,0,0
19.01448744844971,0.6322973308345543,1,0
11.484162471515678,0.4120983731049549,1,2
17.204615907157617,0.48144514654071463,1,0
14.943851031903126,0.5016620981362414,0,2
13.01143226321201,0.5883983160469668,0,0
17.04894927144242,0.6609343375609877,0,0
16.603100511149712,0.3314507607131423,1,0
22.331027956289134,0.46818192824733174,1,0
14.125566386392332,0.4733983304439653,0,0
20.32033036020752,0.3599330145113452,0,0
17.057268743152942,0.45148899806959386,0,0
14.016934355371863,0.5427768944350612,1,1
18.397739372551737,0.4721321097160443,0,0
17.697215513361854,0.3455378831392586,0,0
16.10752988457415,0.7874082698009914,0,0
16.79888606932187,0.526617786520418,0,0
14.209038906863405,0.5111694130106675,1,0
13.52263862423648,0.39020736369329534,1,1
18.278326521467747,0.5260706161971276,1,1
15.328181727060178,0.4835786215958506,1,0
15.759751005252722,0.3111476587284594,0,3
16.83946478783283,0.3929744559985584,0,0
16.795865034351426,0.5794926017673945,0,0
11.712020587077806,0.6944017650000441,1,0
19.858756259364576,0.5367165405043045,0,0
16.363546455702036,0.6103083278293367,0,0
15.392040211533551,0.484424469141679,0,0
17.29253801550924,0.4913453839319397,0,0
16.70962658084459,0.6090979027619465,1,1
18.301188068469106,0.6662777289179469,1,0
17.613951016452823,0.6301096693465622,0,1
18.1535386869888,0.3933636924615181,0,0
20.052981717182547,0.49330411096847543,1,0
18.650873646912917,0.5277524684476296,1,1
15.518541339014313,0.4740322036492471,0,0
12.631296531769502,0.5387857543415596,0,0
21.003393799013544,0.5820576811668947,0,0
15.286829879958661,0.600280975195514,0,0
14.580677759918434,0.6685870152221524,1,0
10.789819546706681,0.46705588952751653,0,0
17.015419315936334,0.36359668351606855,0,1
16.44665981186131,0.5358234594014453,0,0
11.454655191251558,0.6883811031184802,0,0
17.35982212639953,0.4523024140045941,0,0
14.505424237895683,0.568684697706372,0,0
24.07094502186608,0.5695745792472643,0,0
14.291916423727395,0.5191442047344609,0,0
14.69442000340662,0.5006924721043714,0,0
13.375671327236898,0.4076570794278607,0,1
19.833629563125918,0.2718337927579423,0,0
14.88167261660574,0.3888149293335971,0,2
13.82525753870351,0.46096958508883007,0,0
18.120865029761628,0.6097422687422707,0,0
11.858941193760444,0.4896871937648624,1,0
17.875331638746843,0.44809742810818515,1,1
21.344199149802574,0.410901455804657,0,0
17.699823498505268,0.565680582850948,1,1
17.913694948779774,0.6358357166430605,0,2
18.61018065072245,0.606343572186746,0,1
21.129124086026557,0.5606149699758469,0,0
19.629681880057312,0.35243872536170595,0,1
17.31900916681907,0.46483257571562286,0,1
18.711674201908004,0.6947304228889675,0,0
13.342195223604667,0.6121950491915225,1,1
18.328880772241966,0.3462496781765275,0,3
12.983332086448758,0.49444094768007285,0,0
14.898932744105121,0.5363098432661039,0,0
8.0,0.423784153697378,0,0
17.204288978102387,0.2690795978591151,1,0
14.068383966674942,0.5098824045016431,1,0
19.33343564561339,0.42122417423795605,1,0
17.170577831816207,0.4216158260915316,0,0
19.372287684104876,0.4645319640069242,0,0
12.749210365982387,0.48663240853451883,0,1
19.115158111478898,0.49909172059043133,0,0
22.31756903308998,0.41160101010779987,0,2
18.292474899795682,0.4779790470365923,1,0
18.371047026076866,0.32425766295972447,0,1
16.508793029184805,0.5311039065368078,0,1
14.425993658303907,0.21437245866588422,1,0
18.283577118104525,0.471050991956638,1,0
11.481751268793795,0.5919186153676953,0,0
14.74673462523755,0.3940659312725173,0,1
10.686829592988452,0.57164302036574,0,1
13.889030868054752,0.6155732712120893,0,0
17.926135275680682,0.2,0,0
17.51618012866139,0.48486370964242576,0,0
16.15274108660642,0.21242265723717246,0,0
16.51120298218603,0.4881791554429054,0,3
10.342406146407372,0.49928287890186734,1,0
14.882313158287255,0.2517456014089161,1,2
13.95594518069437,0.6924838362079866,0,1
14.022820928456378,0.5286015807634625,1,3
17.79873588344126,0.41509765679179644,0,0
13.418478020484068,0.6465379427498519,0,0
14.185957449617767,0.3204386779357683,0,0
9.738792262871451,0.3770828966481683,0,1
15.117630458871492,0.2700544476330101,0,0
12.73648735685914,0.6801045196539334,1,0
16.237608786068932,0.5332346371472003,0,1
13.146675859772607,0.5659401789848495,1,0
16.31362673664765,0.5301001233918475,0,0
15.56594271777297,0.5573767761144585,0,0
21.016125319126964,0.507807771389599,0,0
17.49165394135958,0.5270921342707441,0,0
10.48108638231309,0.510760343622295,0,0
12.205333467691876,0.43914081944307215,0,2
16.165624026977,0.4953375234785331,0,1
13.210456154822047,0.5273594573261677,0,0
8.0,0.5110549119552131,0,1
20.04863894150123,0.3522227892246683,0,0
18.160672050716222,0.36550133313915906,0,0
17.562930620475314,0.6082841433916392,1,1
14.178030863587255,0.4693005954116598,1,0
17.28303031302979,0.558472534703594,0,0
13.886919027337356,0.39078800902776034,0,0
16.614571900653072,0.352685412335347,0,0
13.238250322490568,0.4156403387468287,1,0
20.54886535166804,0.47774349292285867,0,2
11.289290037754466,0.43348597007155876,0,0
19.696851488532495,0.6293933523105714,0,2
16.11674748405199,0.5179523301537462,0,0
14.531599013974027,0.6848938618561858,1,0
16.501008765087214,0.5404408154071417,1,0
18.20004402153454,0.2587449182080189,0,0
20.100240210083193,0.6056041606458554,1,1
16.939429069400596,0.34904483775300454,0,0
13.327911744213168,0.5230533667211339,1,0
16.166890371297367,0.4225315942336155,1,0
21.450379709987118,0.7142711034464186,0,0
20.043034256537872,0.6439597927430135,1,0
18.726290434373077,0.4258179358298242,0,0
18.38706106036716,0.4872642331878888,0,0
18.098350271819626,0.5244598069649218,0,0
19.47626450352961,0.586341407156161,0,3
14.630113642834285,0.5029151912325013,0,0
11.934741802674981,0.3975105100619133,0,2
16.207010502211183,0.4282441360799947,1,0
13.547255239666928,0.4995518203623209,0,0
12.834937733868447,0.6234456978764691,0,0
13.839164270236203,0.5427837860536044,0,0
23.455941773601058,0.4226585073384984,0,0
16.40837390222753,0.564837277770979,0,0
17.085723509082964,0.461301516112184,0,0
12.332911578987238,0.5890408005186841,1,1
10.46874112362211,0.7527010418328606,0,3
13.542842070643582,0.46411736290564504,0,2
20.314586755626244,0.5801605159726371,1,0
17.002826398229562,0.425460666796227,0,0
17.795785274333177,0.48877362328087026,0,0
18.215698117606184,0.5029562286872101,0,0
14.225951860605168,0.48063163399556197,1,0
20.163896751920102,0.7463013688775024,1,0
14.101577202333454,0.46934069253216176,1,0
20.21869707778766,0.5586851538784868,0,1
17.326906468406023,0.30699131306765676,0,1
10.632864537261034,0.543199656336961,1,0
13.755971540198395,0.6142054592352246,0,0
10.645184401383686,0.4472402657420949,0,2
19.489846398382625,0.2489777858959587,1,0
15.925793737592796,0.4961348231172675,0,0
9.31497268015066,0.5017183850385528,0,0
17.127240645158974,0.5724075050744304,1,0
14.38850721283504,0.7010903035413434,0,0
11.54858243490003,0.46199463493996934,0,1
21.03389751090609,0.41437118763397196,1,0
16.321857598289736,0.3833082198628557,1,0
15.119705793060062,0.51980786170316,0,0
14.801725657041949,0.5479354258818502,0,1
11.460161592526683,0.44543446056374153,1,0
12.086353301247671,0.5778682745725789,0,0
19.85475035462525,0.5465384076819175,0,0
14.578351390642842,0.504323168964489,0,0
16.06620310281059,0.4097585279255874,1,0
9.867008571396777,0.4518135684515277,1,0
12.045723892613482,0.25702447023174546,0,1
17.82943755962426,0.5235787064198034,1,3
17.133135280341502,0.5026341288747436,1,0
21.260125596172948,0.5188478991089487,0,0
20.028868994893678,0.550431901556456,0,0
15.307867082545531,0.5385821486432223,0,1
17.418860694139813,0.48896168193539646,1,0
15.050189671290777,0.5048668043162753,0,1
22.164429455915943,0.35956835833038303,0,0
19.4470440881572,0.4416279354310574,0,2
16.509055272573253,0.5050471053683462,0,2
16.601184354629055,0.4264146424087639,1,1
20.334550861779423,0.5860150795872546,0,0
17.738733541341542,0.43413679190449694,1,0
20.675884051210257,0.5216305411248316,0,0
9.419056221223379,0.5116565656815336,0,0
17.383684784496396,0.5746277593610409,1,0
14.453695405955845,0.5900791174028301,0,0
21.269133962883977,0.569403261096794,0,0
20.639196061569486,0.2893993798616866,1,0
16.09850742730392,0.6194148148013127,0,0
20.606892936433095,0.6527308224194598,0,0
21.34934355997752,0.45178757156785304,0,0
16.22322001577844,0.523664691267285,0,0
23.415801317295575,0.4109168319869218,1,2
15.905976541990833,0.30516214932678487,1,0
15.356437148992274,0.4261284734457614,0,0
18.59761776575303,0.445986096053639,1,0
14.93862780657306,0.46451492686481843,1,0
16.25601932738468,0.4041085909994012,0,0
20.22830327215273,0.42665748331827613,0,3
16.05765655665181,0.4988993678371592,0,0
10.914946621074076,0.4229773016889858,1,0
17.10195816354759,0.5543524332550028,1,0
13.911119262842815,0.568166065139744,0,0
18.595813471883638,0.738038774616449,1,1
18.088569147478736,0.6125679932123462,0,0
20.414201044499567,0.5243103058328414,0,3
18.72259690237809,0.43797357033323214,1,0
19.270732850974195,0.5293747351673999,0,1
13.992709719586859,0.5326595959916356,0,0
18.411959487671506,0.4486686910994339,0,0
21.905353868080873,0.5783731396752878,0,1
13.9340502740897,0.36019019853181244,0,0
21.399214875181293,0.47556001644624896,0,0
14.351949726396008,0.5555858459317407,1,0
13.444086264850078,0.4712415852407903,1,0
16.888601330064514,0.4793245596570729,0,0
18.147731248386428,0.48622141388077195,0,0
18.735250371916795,0.41643987593122544,1,0
13.114712737680394,0.6173900931574208,0,0
17.303620291762872,0.3981962328077185,0,0
13.943336285549485,0.5318159327409885,0,0
11.53323323178827,0.5413647898282373,0,3
13.213791053401646,0.4051378098791033,0,0
13.747298902132545,0.5073104254380744,0,2
17.56478548105752,0.4090367827255298,0,0
19.456640989206004,0.6391042475055946,1,0
11.5803801103742,0.3861217063023787,1,0
17.055883222624168,0.43461029057680356,0,0
12.469905442687281,0.37757749916444194,1,0
17.887256227042002,0.3642301273132448,0,0
14.131808256988757,0.6591215290882293,0,0
12.846012945930163,0.5542774673912562,1,2
18.398993546042725,0.5140293425700544,0,3
14.239232183664715,0.43434230366530785,0,0
15.052108145941904,0.5907611811046769,0,0
9.340032737330871,0.4175777560632547,1,0
18.83965408427042,0.5793639294330103,0,0
18.46272556350732,0.41274887233943636,1,0
16.016373532843943,0.4355492298124328,1,0
11.417257175932722,0.5758282386117921,1,1
19.62810753500429,0.5863827344155768,0,0
14.001209840917626,0.5597472933896761,0,0
14.639939649698235,0.39503258842432054,0,2
22.936132169078594,0.45532731342771715,0,0
13.889090667672312,0.5156898741198513,1,0
18.2266298872795,0.41507190380899084,0,1
17.686276786247852,0.6370962760129293,1,0
17.170516578640257,0.2598053056049454,0,0
16.846001627663533,0.4221260484630847,1,0
17.129165685667598,0.44904334971301685,0,0
16.81582177282162,0.2156056335228232,0,2
15.844244923671818,0.36037708697638093,1,0
20.533849372332227,0.5625289512542069,0,0
12.062018317602165,0.5030283636552964,0,0
19.06437431204613,0.6573136022042902,0,3
18.467026896062656,0.654522644588482,0,0
18.095197363988206,0.5433046378603946,1,0
19.350938282920385,0.5313238249000711,1,3
15.722201814194822,0.50659311085789,0,3
10.39307777251937,0.23449179821205096,0,0
15.783122020856542,0.3605440486673924,0,0
13.026417347126337,0.5100675503098934,1,0
13.804422370425808,0.5616025708747672,1,0
12.272740978502764,0.528966981213814,1,0
14.567965424668497,0.41075350322843424,0,0
14.210128918049652,0.5937406282469495,0,0
8.867290510218693,0.6482444028754637,0,0
18.100665733846867,0.593798960029134,0,3
22.660965574014647,0.598959932959047,1,0
17.818711580488866,0.44407742020447893,0,0
15.391228130397316,0.6075934122700799,1,3
15.835760812971353,0.5145758639327658,0,0
14.737042395960472,0.5511555528522005,1,0
16.270124751600875,0.5365431842824709,0,0
15.8889757177803,0.4878512894559589,0,0
13.476854708805117,0.4139997524877698,0,0
21.048665166843495,0.49178633364459534,1,0
11.538537292870688,0.5986761617482823,0,0
18.15499462958274,0.455852419468709,1,0
15.696407118047404,0.5893347262608146,0,0
21.702495445197236,0.5737070670617672,0,0
17.022593797744666,0.47010626029801694,1,0
14.920283388450255,0.6388800103619576,0,0
15.256878404696508,0.4644453328809294,0,2
16.119720083559283,0.6509546862612632,0,0
12.571627915010797,0.5434126981540972,1,0
13.699391424646265,0.49841340815464863,0,0
10.645168092424427,0.4112198619662346,0,0
13.231069304877717,0.4911739769864959,0,1
16.28171944498135,0.47962404865055797,0,1
16.900525147853564,0.37417036147490945,0,0
10.062010915010795,0.47823845772823326,0,1
15.588364890867398,0.4196196819902914,1,0
17.6902298524664,0.5585991768978782,0,1
15.511263419871295,0.6306280475728203,1,0
14.0986340626666,0.37730843237047595,1,0
14.763516564855358,0.6712307728366923,1,2
14.377709935068333,0.487144896561487,0,0
14.089808322675829,0.4024978615061486,0,3
16.521470575734543,0.5757754780208183,1,0
22.923064683206356,0.45535455217449516,0,0
13.76890024928445,0.4918263323968506,0,0
15.045572102015718,0.4595721755787921,1,0
15.844906181874306,0.41832620681350996,0,0
13.937936696925119,0.5723997032401904,0,0
19.29470741057028,0.47136985971058126,0,0
8.887343880080685,0.3563348207820754,1,1
14.406822488863973,0.5551060124215933,0,0
18.454941208959887,0.3794417648976245,1,1
15.117717074834099,0.3846739827324741,0,0
13.537483123449126,0.6192606204977316,0,0
17.32227026331629,0.3803660100789788,0,0
18.719029706191456,0.2683555143072509,0,3
16.631906335645176,0.5622861484961496,0,0
13.596338920561351,0.46961365705188696,0,0
17.36860995745523,0.4782344878861884,1,1
14.79385209917563,0.46854996066498,0,0
18.235560645681485,0.5231669939018727,0,1
20.449776654569774,0.4247280758096932,0,0
8.183269732934402,0.6476114874565765,1,0
16.333202419586897,0.35237695196906016,0,0
10.792798189157118,0.5444874916677123,0,0
23.32536575598931,0.5642121003876583,1,1
14.59562639861143,0.4240348239166622,0,1
18.239119725476115,0.39762655547221815,0,0
15.894049421215312,0.6017174214170157,0,2
13.590746257842822,0.40091392459832853,1,0
13.233840858467719,0.4393336059249433,0,0
20.757037519302276,0.5887308962459746,0,0
18.867814180534932,0.5034741233539024,1,0
21.83075226213269,0.32028563323708953,0,0
16.1663600054731,0.6747059144553514,1,0
16.863758863738,0.44699892412200337,0,0
15.198425303034135,0.45972427100935825,0,1
15.138753390654973,0.5255784252326365,0,1
12.874339202567896,0.5625076797004073,0,0
16.252030572773055,0.6961104291291467,0,0
13.63226021534141,0.3339931850594303,0,0
17.325726766492608,0.5825952208925946,0,1
16.51003065694063,0.5743009694050077,1,0
16.86304613102717,0.4862835089125883,0,0
21.02538981907068,0.5787273694816222,1,3
15.886846150703226,0.5934274017636547,1,0
18.270181008560286,0.3618037215012996,1,0
22.154528392256744,0.674976650588083,1,0
19.91985120788514,0.3441237746861858,0,0
19.459509095364535,0.3864683718761227,1,2
15.0799353534385,0.47382123263759035,1,0
16.68892916670339,0.6924940513187057,1,0
12.045171123910174,0.4691743370246614,0,0
17.496743202893242,0.4968066109949189,1,0
16.823380532841526,0.6432078603904563,1,0
16.070155375468545,0.4699681857434527,1,0
19.08158436472858,0.38215632870693245,0,0
12.37667553272681,0.4582765164761685,0,0
20.90458855348104,0.6370791833805778,1,0
18.70529406382085,0.5070864997055137,0,0
15.788098061044078,0.6930658259056259,0,3
15.55381123654782,0.5737934926262155,1,0
17.44183364574578,0.43551910636065166,0,3
20.562553696191337,0.5051076304465079,0,0
16.304823156070032,0.41467818818581204,0,1
16.432092705937677,0.433156696935123,0,0
16.054355432877614,0.9479084251025758,0,0
21.346072338104417,0.6018624510033811,0,0
14.893350691188928,0.5861097989006673,0,0
15.911477204142786,0.4376819684691936,0,1
20.390306962782983,0.6569584066281079,1,0
16.441032500838592,0.6099415601792937,0,0
19.411176580136566,0.6881621289357771,0,2
13.266159829291125,0.6833114148398449,0,0
15.384122435114458,0.3520910711902478,1,0
20.453302115320685,0.3890160510730093,1,0
13.970980852709364,0.39962121845363635,0,0
15.546102880690878,0.4056059356667563,0,1
16.770055692674436,0.532345236426039,0,0
13.03253644602104,0.44331965479041824,1,0
14.758569644134308,0.7072598540762518,0,0
16.33791004547692,0.6904679882081638,0,0
16.140045202485883,0.49935384059209603,1,0
19.841056062511406,0.6955326216149791,1,0
20.62437158449676,0.6488134627240202,0,0
13.431745383997267,0.4549293440822741,1,1
16.33380555750247,0.29907846559744383,0,0
18.022744925274296,0.47820316150392705,1,0
20.549042397397592,0.4355377868921527,0,0
18.15547089195139,0.5206505625145831,0,2
16.872740204776996,0.508922828687475,0,0
17.999627595947892,0.5063017658899228,0,3
18.02130650300878,0.5523684741379165,0,3
13.216857123146895,0.37874780529163216,0,1
16.578396377518807,0.5411360277569708,0,0
20.377482982566075,0.4560383846982994,0,0
15.377929693917986,0.5199982199863687,1,0
16.38833992764233,0.595740984523219,0,2
15.272450651421934,0.377560022677897,0,1
9.058421513179375,0.4718706347330431,0,3
16.06177053170404,0.4881465765971136,0,0
16.90537579195862,0.4485731028429359,0,0
14.462519827357294,0.5899829496132958,0,0
12.536089153345817,0.42796116411995283,0,0
13.358180620655052,0.4444599600557661,0,0
18.292562848406693,0.4290080867047935,1,0
21.917574319140716,0.6092055411438801,0,2
20.147300022716298,0.4507555887587783,0,0
11.966961985508345,0.5460045390883557,0,2
18.56388193165211,0.6975705101230074,1,2
14.01051287257213,0.49251815796494147,0,0
14.253198812473668,0.6112060680033158,1,0
14.614073206086148,0.6671354084093128,0,0
18.118200849566293,0.6027191560040414,0,0
18.877760129347116,0.498319868402226,1,0
15.705906786160636,0.5642107758998613,1,0
15.756787776975926,0.37126214068646546,0,3
17.392791229707377,0.42199568418500477,0,0
17.703983618572725,0.4395324818368081,0,0
19.52867712027559,0.7240612120174282,1,1
12.146884073472403,0.4187415485744733,0,0
16.06008201941209,0.417252324873817,0,0
12.795926872326467,0.39560790197510165,0,1
15.84717316280979,0.5559811761930761,0,0
15.321474136957717,0.5142621392668882,0,0
15.859751638291893,0.6086758977026565,0,3
13.600771335668405,0.5671259666077354,0,0
11.538130620377714,0.3619610153275933,0,0
9.71668741985529,0.41927222299896294,0,0
15.60645953720548,0.6365328748275821,0,0
14.706996682501183,0.4796701755423195,0,3
13.97218700558852,0.6187591818018012,0,1
19.967645388494983,0.4850319052084683,0,0
13.421685439614066,0.40323435717114786,0,3
20.25050224641641,0.4696739222333294,1,1
20.871531232807772,0.4031950204450304,0,0
10.147298599631856,0.44344472375975763,0,0
16.277144376996908,0.5200925706565246,0,0
14.800910527492027,0.5511605090369021,0,0
8.0,0.34098086767457014,0,0
11.666076240794757,0.4982631992490902,0,0
18.324808321325424,0.44133842644402477,0,0
22.057597758133795,0.43515851910411874,0,2
18.708034428097747,0.5132684619133077,0,1
16.970897417538932,0.4449548127310788,1,0
15.936002855106738,0.6382137994846674,1,2
21.04798874394434,0.6188061876251061,1,0
22.444717605872924,0.618182829394204,0,0
14.23947196142744,0.4505089804509698,1,0
10.000040319069127,0.40375011650806775,1,2
9.705437610186396,0.5082029929388115,1,2
19.965642976479405,0.4849651633713733,0,1
15.858824377676841,0.4391176837576635,1,2
16.549725731376157,0.38242655533330383,0,0
10.628047021129861,0.49584820307319283,0,2
13.740433261634601,0.45959305497475267,0,0
15.113557558297654,0.568834703703802,1,0
16.62351515009221,0.5665106051521479,1,0
14.804223883258723,0.6100799805422717,0,0
12.888021405095973,0.37407044481199614,0,0
13.64629902219243,0.5401058307693632,0,0
19.6249698578417,0.4272534293766328,0,0
16.7343538588105,0.3779585789188915,0,0
17.836470420866654,0.457139776305129,0,0
13.30337856736801,0.6068704980134618,1,0
8.0,0.46276816464295156,0,0
14.43068707934651,0.6565454659959112,0,3
13.40028833672351,0.5548878515520334,1,1
17.04703680588424,0.4605909521019423,1,0
25.857171141045526,0.6160048428906408,1,3
18.085498052854767,0.5445396772114286,0,0
24.207880478150464,0.40674406115532946,1,0
17.706309086018347,0.6858802635580515,0,0
14.110341287281855,0.5259478823086476,1,0
17.04374823436265,0.5018796191985492,1,0
21.341915798433124,0.4144467330094384,1,0
21.488687788963716,0.6179538267607738,0,0
14.273987895870762,0.5517275427361307,0,0
16.759551087097897,0.5629238180295241,1,1
11.712199360986563,0.44924686564742317,1,0
18.47400587407429,0.5834100571910068,0,1
20.660064097167684,0.5911813593570802,1,0
16.119398362348047,0.43312217612188775,0,3
13.997847836919615,0.35830098603190086,0,0
17.080392853832688,0.5581373059338924,0,2
17.252377094089496,0.34266530503942605,0,1
16.24343149554886,0.515201577783778,0,0
16.53614537300786,0.4552754895212693,1,0
15.478555448591887,0.6218665210788921,0,0
18.987864784679218,0.4607156109232793,0,3
18.208682335495382,0.6107272972003804,1,0
13.050690558567553,0.44857905556369737,1,0
12.968228190524215,0.5999991005059611,0,0
15.236876748920315,0.7060341543836832,0,0
18.210511372315537,0.39319528616337596,0,0
16.444172241672444,0.5292035721730908,1,2
14.070548769632033,0.7748782415910065,0,0
16.78455579017749,0.5066588826902921,0,3
15.007568441433184,0.5061788270229648,1,0
18.641459380672394,0.578849894735102,0,0
16.999175305201142,0.5041080864094755,0,0
15.054165437643569,0.32927740054294474,1,1
16.694556316139384,0.6132287374838938,0,0
19.945144178572605,0.2997051586134807,0,0
14.291109770360867,0.4583208348861658,1,0
17.207970944941483,0.6207425749156649,1,0
15.788618978602013,0.4643457571357214,0,1
17.2809510515863,0.4306303507535596,0,0
14.036305175212808,0.5879263905166561,1,0
16.331006299478126,0.41488852131656134,0,0
19.3234698472504,0.3777774280408046,0,0
13.188979056261678,0.5274513987493283,0,0
12.011784690024754,0.4817076701587409,0,0
12.125633306539108,0.3756326885811158,1,0
12.488012409399433,0.5636952539994871,0,0
