heart_rate,rr_interval_variance,label
78.97371322408986,0.04324821725025619,0
73.89388559063052,0.04855481329284483,0
80.18150830480553,0.04207580079000039,3
87.1842388512642,0.0469203847036096,0
73.12677300221331,0.031063853330462146,0
73.12690434440655,0.05213293707372939,0
87.63370252405913,0.05001205475362225,0
81.13947783322327,0.0418291136893181,0
71.24420491252039,0.056592456684324055,0
79.34048034868772,0.05937570137626559,0
71.2926584575003,0.033924401356310266,1
71.27416197143795,0.04237275221433786,0
76.93569817252828,0.04230857650212702,0
59.69375804273761,0.04060096898891136,0
61.20065733989574,0.05829474841931749,0
70.50169976607222,0.04806173861227197,0
66.89735103732461,0.0473548515868939,0
77.51397866076219,0.02996137635593247,0
67.7358073958303,0.056354180302092265,0
63.701570389317666,0.03760741605146528,0
86.72519015137243,0.05059932630266328,1
73.19378959610772,0.05277376937958192,0
75.5402256375034,0.06360658595838652,0
63.60201451029235,0.03691179600880888,0
70.64493820379855,0.01980487844179175,1
75.88738071767892,0.05183849544753695,0
65.79205138062157,0.06800511181510854,0
78.00558414676537,0.062389463529394375,0
70.19489048064956,0.05209659415274626,0
72.66645000165379,0.04508363814367953,0
70.18634710216483,0.05807122596637311,0
89.8182254760715,0.04026453800295532,0
74.89202220209653,0.054763577693562195,0
66.5383125683528,0.05505470159166627,0
81.5803592968255,0.0606020990749888,0
65.23325080023181,0.07759660038911079,0
76.67090876003805,0.05392415967178767,0
59.322639008961794,0.044910363742925015,3
64.37451160881255,0.04974425687808006,3
76.57488988695299,0.03230924095110882,1
80.90773263996329,0.04305286868910942,0
76.37094624951976,0.045907175618868964,0
74.07481374089407,0.04475911602065408,0
72.59117043528569,0.05152354872033722,0
63.17182407706058,0.041775800676178,0
69.24124633284234,0.061210306673244716,0
71.3148898323217,0.050002070649181975,0
83.45697780975132,0.04990699678861386,0
77.74894631654769,0.046721052834870824,0
60.895678757098125,0.051551906838589796,2
77.59267175515836,0.05825098264667635,0
71.91934175666947,0.041328697842891,0
69.58462399755233,0.04341883510924743,2
79.89341031072695,0.04696273971223336,0
83.2479961799676,0.03654129076526785,0
82.45024095292959,0.041807421402785025,0
68.2862598142189,0.04523779126455341,0
72.52630099319029,0.058743891807127274,1
77.65010745122851,0.05262561329001925,0
82.80436101697887,0.051935899113675445,0
71.16660609723768,0.058508979621679724,0
73.51472818668947,0.04862628211600604,0
66.14932020795177,0.0539046484992889,3
65.43034700735464,0.04896778247067504,0
81.50020657915358,0.052653623493996285,0
85.84992022856659,0.044172413423884185,0
74.42391902735733,0.02561182841723571,0
83.02826318313619,0.04865720837813696,2
77.89308820038107,0.0642274813609994,0
69.839041963159,0.05926215402241593,0
77.8911648440673,0.059653974845911714,0
87.30429253172775,0.062361307218062184,0
74.71339168712039,0.05088657590961438,0
87.51714924651205,0.05197315707405596,1
54.04203916728204,0.043823481045656504,0
81.57522003500179,0.046839271439729505,1
75.69637654590537,0.05615771149771142,0
72.60794119627306,0.06203884437168816,0
75.73408621228401,0.04860553724319001,0
59.09944868319286,0.045498107351485885,0
73.2426248972999,0.05000527958856597,2
77.85690057209398,0.05601206748929115,0
86.82315235793213,0.03556145183866458,0
70.85383825381082,0.02703819046862762,0
68.5320511768545,0.04449463150508417,0
70.98594365132371,0.03779287574085842,0
82.3232169416166,0.04491859802352689,0
77.63000887727748,0.048522196811825284,0
70.7619183698637,0.04546751590976987,0
79.10613946490685,0.06452467534470746,0
75.77662039478432,0.0532674476460232,0
82.74915992426311,0.05300474359610829,0
69.38357524898117,0.05622207144043402,0
72.37870282721785,0.03861166882219231,3
71.86313477494274,0.06039111787420269,0
63.29188041494305,0.049242357134645406,0
77.3689622165166,0.05670480617241213,0
77.08844217743912,0.03928142766959845,0
75.04090765313968,0.03446241233983936,0
73.12330293299883,0.058178896580250286,0
63.677034063596686,0.05376409526097517,0
71.63483741787712,0.040979484456424894,0
72.25828386778585,0.04130336918725306,0
68.58178184622705,0.0612543478441477,1
73.70971430667193,0.038105881071326723,1
78.23240685451631,0.06642672953255964,0
90.08948720968424,0.040993792653521315,0
76.39662250265471,0.05638391925608383,2
77.06040312578212,0.04671381524251016,0
74.40443267387066,0.05603187431082343,1
59.64983027760767,0.04455885997885808,0
74.78788899640627,0.04837207093927706,2
75.48184167952822,0.050409191753957215,0
94.70593689988229,0.03997812544218528,2
73.46111228175101,0.057408243454201265,0
77.4123787386689,0.04486786433528415,0
74.72230584235805,0.04771400084659982,2
65.65057569904374,0.04005650625391488,0
84.14258251612017,0.024376663412046896,0
81.01546426149419,0.04808972237399831,0
81.32825557634438,0.07412615421612917,0
67.72490036164209,0.05784604287898024,2
86.22235448748879,0.049807396202656055,0
63.785191497661756,0.047371091707917326,0
79.69485675040217,0.05022465892812047,0
92.52364500647982,0.0554711911517521,0
67.07570939895449,0.03819187184691156,0
70.46961816317783,0.06114321694668873,0
75.79721092070113,0.057153813154412446,0
70.9721947670704,0.057181857257079347,3
62.59469255147094,0.054384757388097275,0
75.54850379844822,0.0501961665769399,0
66.50157029019115,0.0567286123596682,3
78.78873944508145,0.05591814133741378,0
67.64460612612957,0.04645959289058976,1
87.39947524014032,0.044263982271031,0
68.7339736613101,0.05101856295261987,1
72.4235078703546,0.06549020151495187,0
81.50813773895736,0.037608929243460994,2
65.15308546852836,0.0353247473424756,0
76.81967947683303,0.05164760841236517,0
85.45714203425942,0.05050887701856018,0
62.14013412351018,0.05173341664370409,0
76.47707086825844,0.052439531979085005,0
77.07906235398738,0.04776797745365195,0
81.25458297421848,0.06489863438602082,0
65.10439431297534,0.033990960215234844,0
64.43634709532579,0.04171502975219754,0
79.17553252493518,0.048967452398509526,0
77.3758773858655,0.03356811188845833,0
77.00394280276701,0.04824145595567929,0
77.7715856759758,0.06661470165728019,0
69.55980222737207,0.05020886488295962,0
76.85802957728802,0.05230700905718684,0
77.34457978638945,0.0373983523482742,0
69.28518865578906,0.04383638591960523,1
89.92619608915805,0.046248036196760635,0
78.7906633672943,0.04682284903243766,0
65.46957202237881,0.06281643795003769,0
80.25242886907064,0.05557691060725125,0
67.20254663818143,0.03888542043062968,0
81.29667682993961,0.052465047784320054,0
84.26876463205923,0.05498221748496786,0
68.43454145318631,0.06140149038521267,0
82.70700903395458,0.06580540686568373,0
78.30224741549199,0.03984905808172132,0
81.57648127995591,0.04189142488789662,0
90.17434386123158,0.03742422141085384,0
73.03689507197704,0.04765980140893019,3
68.97011068514009,0.05466358374446335,0
67.88388456299582,0.05987334516589102,0
68.47351772027649,0.04924048976357478,2
74.38318632468717,0.046801524767451565,0
77.72921579853315,0.05151757992248741,0
77.21352639464016,0.04164857098369977,0
81.61746599228819,0.07089538721694774,1
75.10401513502326,0.03392338972881942,0
86.62827261725853,0.051847405788957246,0
72.88274533409636,0.07023606219229639,0
96.76135333271695,0.05006799844559998,3
80.00533878212005,0.04809960964998506,0
68.14273954866974,0.04642554577189573,0
66.4328600155111,0.04819608318237593,1
78.85977932194548,0.0637284847467653,0
73.2122977173932,0.027881380886704932,0
80.71200395273674,0.06533433701296326,0
78.78590099658835,0.035760428475498554,0
74.41736869874502,0.04733347670765586,1
68.22565025545276,0.04570755579701338,0
62.88122220251309,0.0558855326977072,1
71.42788038346383,0.034018756481162524,0
81.85119035458777,0.05462172666081943,0
76.71274995304164,0.07024309623286853,3
65.03408977030409,0.0363682599540719,0
76.38544740680946,0.05189706167610396,0
78.0825390378307,0.04338017822203391,0
67.92914051039094,0.05425887206193036,1
76.22980084756422,0.05019147777415752,0
75.465669747568,0.04358513090955691,0
65.85623761735502,0.054878722848710745,0
77.86229888278626,0.06804348109786744,0
79.48627621094587,0.048090962082727014,0
83.66440994540221,0.05719757942148182,0
83.43041641627923,0.037067270421288365,0
63.97864505634327,0.040435636231819914,0
67.49739968067902,0.054724062778803775,0
79.12028213766928,0.06484116028535965,2
79.11028760729766,0.0535561334878566,0
79.12038149044838,0.04686941969476846,3
105.82185192523777,0.04999291405423354,0
79.56712408554533,0.03749592266030283,0
84.08452512144478,0.05604515326355367,1
82.63201410794562,0.058823330623234096,0
80.21113001044638,0.045479096671669196,0
72.47784604287723,0.04529957852240499,3
81.07175376394613,0.05265878229652049,0
68.81739828369942,0.045632802639594044,0
73.10545114607993,0.04933867385374178,0
71.11709161736717,0.07099721789166516,0
75.65499311509058,0.047529742992540036,0
93.51726853338806,0.04641659847978778,0
60.06187845926601,0.04352458194364841,0
80.4900815229961,0.05744191971499937,0
62.09827303048279,0.04818775826781897,0
71.22454507368454,0.04350626961678574,0
83.71160477573893,0.06321304032273012,0
75.5142401527637,0.06419603004513638,0
66.37804177656555,0.04399576434261295,0
69.27757032592025,0.03133460048639384,0
80.4367819914774,0.06007513689836923,0
69.1570669462629,0.043153701742399964,0
76.7316687166558,0.057906255991627686,1
75.3645747192305,0.030298961822881647,0
69.78719721915347,0.058925973382993095,0
92.1515527146026,0.03788828070719219,0
80.07135217854409,0.05730764119066525,0
58.798859306739146,0.05014273067836435,1
76.49163451815542,0.040460605806033556,1
69.70570828185289,0.0459296368707322,0
81.81946667836979,0.05686318456956701,0
68.65983409253839,0.051058944531152346,2
74.0821084682648,0.05584412980472485,3
79.03989823184365,0.06976440584515486,0
81.92604155336097,0.03435758388288949,0
65.3976287435538,0.06617212574968624,0
72.32399011327242,0.05104355937523213,3
71.20043751071235,0.04101215951676872,0
69.7733661394103,0.03669686374261011,0
89.12363392224877,0.04810879609222967,0
78.23985368768764,0.0592165011192446,0
64.91292836531964,0.04872450879622466,0
82.34289557643821,0.06511154930247348,3
91.97724957610106,0.03548824309948441,0
83.25972208440918,0.049879110521539455,0
62.845040272367896,0.03747606555586881,0
71.12612741707,0.05363631882624968,0
85.13528919349298,0.05886887390097301,0
69.33864427504976,0.04579238206318947,0
78.55055542516983,0.02395786143372866,0
81.19707242743469,0.05198948146796495,0
67.58455622737533,0.054367385517335096,0
74.5237971515056,0.05404294754961698,0
49.06986127944742,0.06235782191822155,3
66.80489886932568,0.03928946320350951,2
72.97945478885472,0.056802161054504495,0
65.01773454428121,0.06192507512477975,0
88.05929043145308,0.03221412415993483,2
63.55886897631494,0.05319651825918977,0
71.47964410642413,0.04495820168992329,1
76.04592461828874,0.049184773268983545,2
86.53018631252893,0.05347676483538337,0
63.51310279056449,0.04512771435886448,0
84.30531001723968,0.043242919208383884,3
75.0818644881567,0.05034152417488025,0
67.14793079161639,0.039127540611371976,0
78.69682779410617,0.039141748711148144,0
76.59247756458777,0.056793732829565034,0
70.19826498272964,0.03851205964841344,0
75.55841667992016,0.056663125009092125,0
71.91749122510592,0.054625912928539515,3
75.90813876200998,0.03274193271209404,0
80.29704539616837,0.043224353476643454,0
87.68813452916282,0.06194109403047373,0
65.0974760093852,0.04018834468860319,0
92.06426699725013,0.04535595737690613,0
59.38329760381998,0.054620608932518966,3
73.78571923971533,0.05783390509282596,1
79.70653765187662,0.047484611139555044,0
77.24793494188026,0.044024898053083586,0
70.01840384143524,0.06422369861698508,0
73.3350219971418,0.06738899663797579,0
71.05599252272934,0.059788580507817955,0
70.2850819444463,0.05085318142565024,0
81.7968167761682,0.04191734278359074,3
77.85612388772037,0.04169555593443435,0
69.45672323791477,0.05522514105265758,0
82.19679900346601,0.054183982208886844,0
77.45839616701288,0.0640159859294643,0
81.50289695071169,0.0565045009253614,0
80.0370307353889,0.03496919698240182,0
68.36803991262342,0.06051947617722919,0
70.51855167842425,0.040019393726855874,0
80.9783488409861,0.046160287280476484,0
79.88296212346772,0.05250200206251695,0
74.83278724828682,0.06995667489783965,0
75.93861906647025,0.0810991855600536,0
85.2213191663074,0.05606723059136183,1
70.26742888931336,0.04816803381279612,0
79.37677904936031,0.055345056484805505,0
73.38245878052885,0.05887655425873836,0
73.25855037418224,0.046793323744428086,0
83.79021481589751,0.06795211355912323,0
81.60333079190424,0.05230070759191403,0
81.50807708800511,0.05497743089091395,0
85.44383045723464,0.05665924252054462,0
75.16803073306207,0.05421586610614456,3
80.45562377035971,0.058389405004696124,0
72.51786594725235,0.04382746813453077,1
77.59333081990754,0.0444169824605397,0
73.95885556505853,0.03899845767028305,0
75.77596771994175,0.054395012306202264,1
79.76125620349531,0.057789365035121144,0
68.45423453413223,0.05457772866151886,0
91.73909820548369,0.06674492433347537,0
66.95186094800238,0.049944039811709535,0
65.28649109769815,0.05668741655592513,0
84.26488698800054,0.03908299123860686,0
81.33330155170349,0.04612900297525599,1
79.99295853641723,0.05695537757565778,0
80.02676407411424,0.05849102110743144,3
74.90202581722468,0.04706033052335818,3
67.82196502811335,0.04928400748141933,0
75.6064364655498,0.034821262533191906,0
69.58270630790311,0.04642970799193391,1
82.800957867342,0.05890383163519786,3
73.82354094798289,0.055752050161065665,0
68.39602242565991,0.0550066572138121,0
72.42891326677605,0.050497736871809605,0
78.30345163420499,0.05007063158628177,0
70.4902035775682,0.04339678860526553,0
68.42223683546855,0.05698828420202535,0
76.94949769193529,0.0542097294438939,0
76.95973256886978,0.054920188479927995,0
70.94445459703095,0.0447396515733242,0
71.23169355505341,0.028466570801287557,0
76.8563994988611,0.060971527117536964,0
63.415325268021405,0.04521162543991596,0
63.740289804987555,0.041372242359568795,0
69.2524462299805,0.05693478911913994,0
73.29242278630522,0.04607987360080871,0
77.48726052478403,0.06059936384046622,3
86.80284973559641,0.05617005949576698,0
81.86127698561616,0.056835693232004776,0
73.72049176029259,0.03634044288799466,0
74.84787033677848,0.062119439853864006,3
66.97976508289753,0.05261250531233856,0
74.85189491206089,0.04630722860753797,0
72.6907308886389,0.05143388467342251,0
77.58174848270471,0.032237647671016806,0
68.38215245158142,0.054086528114806715,0
79.15477211392938,0.03970628491817929,0
87.26191130402063,0.03647329714156466,0
74.12991881234514,0.03477640813782109,0
78.21369377679153,0.061126883749899254,0
80.5211519336889,0.043707366063072114,0
71.79023622491331,0.065337277099165,1
76.79273985448333,0.04464198536947703,0
75.10073920625436,0.032926420424070534,1
75.78140878839065,0.038834755600513415,0
68.81592172915627,0.06235811620006939,0
75.19608139407154,0.048441018220633326,0
78.9839863299636,0.044517127035093994,3
86.60914886236033,0.05160018225852788,0
82.67416660868166,0.05501782736167545,0
92.22545966009245,0.06117398815902461,0
68.8612194968956,0.06448499229892926,0
81.97856509376543,0.04640231354210914,0
76.46673604590681,0.03673952313917962,0
92.51842346574138,0.04586534838876724,0
68.53361371715879,0.052602805065828866,0
68.2822252625538,0.04036241073789389,0
70.20485883644783,0.040428490851049576,0
58.008834205521545,0.05343787881549886,0
70.79395982655392,0.04951347648429549,0
68.92693870757041,0.05032796995411587,0
76.20315029180966,0.042415046652999305,0
77.73404780621728,0.04769599285794233,3
90.00936671372709,0.04075766855731696,3
82.60339070548841,0.05890198411124787,1
70.38477075470078,0.06035249334723753,0
67.81268262921314,0.03153812137761906,0
78.93535337205205,0.0407048913980759,0
64.43813434383486,0.035034707449099214,0
89.65167012683483,0.04349976065593102,0
84.4355209657703,0.0491656203020964,0
71.24659478316237,0.0355035478030147,1
61.29492376727298,0.040781401868746875,1
85.8309789933233,0.039960426279185016,0
74.08368123797905,0.052072673293989444,0
84.90253049578769,0.05069344337036251,0
62.24457872964506,0.04278262446662747,0
70.20499981636982,0.05176820872139398,0
75.04194959774547,0.044533199154127345,0
75.37584475011793,0.04728344889673947,0
71.39947622816605,0.06673452090298537,0
79.98279945878,0.06340461051790348,0
66.45903656493924,0.03700418763072402,0
73.86096411982965,0.05829732417879175,0
75.9623650536952,0.05811396554491592,1
79.11551067247,0.03851736711247382,0
80.69291902471112,0.058187776437548605,0
66.00286326529705,0.06537931918412553,0
62.727086634115025,0.038774551937555864,0
85.22141457518808,0.04082497178985737,3
77.65851209583673,0.060176614668435026,0
69.01210770754757,0.05271495310825648,0
87.40921580418018,0.05551476275239524,0
75.92539707434287,0.05340589216400497,2
84.43437747251062,0.053906959209281444,0
75.54014785128088,0.03673527871688917,0
91.4859833990559,0.06047317706621449,0
89.04272673954563,0.061695899924277736,0
73.00828681216741,0.04770609255931973,0
82.77256760763484,0.04956523050186138,0
80.16300759668118,0.03468892497444278,0
85.94905246025878,0.05514254756017835,1
67.28061231535916,0.05572057441714144,0
80.48841167998751,0.04937808983000689,0
83.46739589479671,0.06124353359870503,0
60.930084108615084,0.046659227690200596,0
65.5339318986738,0.05564605925893601,0
58.6861425779192,0.03980335661307885,0
72.84474532444354,0.04976447849125762,0
80.7403380463677,0.04825645742097164,0
87.01885641676823,0.05225307922040942,0
75.5927582433582,0.046304730711666416,0
88.02892436457033,0.04868527404328332,0
63.95918833428087,0.05826047171441506,0
61.372940485158765,0.04563235762761783,0
74.55561840882704,0.03393422899261321,2
78.07252359151445,0.06749583904205421,1
74.73844201524726,0.06381454078690486,0
58.46046319968099,0.03707737304894382,0
74.28703968389769,0.05689707805245195,0
64.56424399596118,0.04497025229448657,1
80.3573803906403,0.0526348721533106,0
77.93278596877478,0.05294224129013494,0
67.48096170938116,0.047655921996836784,0
70.88906466130645,0.04216234334413604,1
66.52629182488839,0.043094589476837405,0
74.49856722181462,0.04083808084518758,0
82.6411385640099,0.041681777917695555,0
67.11419162931566,0.04932821709950645,0
79.03237212414275,0.04284240010889248,0
70.75793905302048,0.0568205206571262,0
68.65701734190125,0.06487246155335928,0
74.14375712036353,0.04419946758629957,0
66.718061420645,0.05239404500535377,0
70.57080555722254,0.05499685110302934,0
65.4169768592892,0.054720022709192746,0
90.71780106333111,0.05075955267916088,0
75.28210841577383,0.05742682418359723,0
69.40219593605931,0.05482248952680657,0
76.71183928587378,0.037623375776727024,0
74.10137560247337,0.058691560643892735,0
73.23224320373421,0.058872908372667426,1
79.9133336003474,0.04236713895821419,0
81.06006168037844,0.05037937835447602,0
70.75599081911578,0.056833289928110695,0
70.39345407484257,0.047906861804206384,0
72.79958642278685,0.06072978047766012,1
56.58463068211532,0.07363872494619361,1
62.878471502411585,0.04214013967365018,0
85.9349941395562,0.036189553968462254,0
88.15974170801027,0.05303818595604876,0
73.00771168354898,0.05721562505126144,0
79.61245570444613,0.047691336261552315,0
77.49000123634829,0.06453260663321035,0
99.63104646764191,0.03661394200276752,0
83.9565992914766,0.05692918623031611,0
73.97665926815387,0.04394139179241107,2
67.35567647519659,0.06719377906207297,0
62.14842943793942,0.06992515353168119,1
76.62770908693778,0.04233343412216652,0
68.94919403772558,0.0445044286409142,0
63.621970323218605,0.05859587886979802,0
69.82741692605978,0.046128693502104856,0
66.34761597108483,0.04954588782067762,0
88.49713308058051,0.05025388420542411,0
82.0531180555956,0.03080326843802344,3
74.93621886946706,0.04986162253905763,0
86.83955311112021,0.04310272225935827,0
75.61894646118094,0.045068771776002284,2
68.10972638937389,0.06443632003468815,0
87.18499261815725,0.03743493105720744,0
79.31128034947727,0.05813205186747977,0
66.70203076538834,0.047210370696681915,1
73.47729057533114,0.04720239831504166,3
67.99505397292194,0.05790371896051712,3
63.93760215228531,0.053400512945688906,0
82.40942038025312,0.05570612997219531,1
90.27533312376104,0.05968184660532862,0
63.81145940944687,0.046686916168166774,0
79.50375389352456,0.0438776326549225,0
69.79485944702539,0.03914849473442202,0
71.10299692988244,0.04174589470021045,3
70.26084860608904,0.07949094425308725,2
68.08807384256147,0.062446795807367866,0
75.38817302355862,0.03648925633791979,0
68.35239906871169,0.0367754204325643,0
77.16365460623871,0.05481866061718492,1
74.59809512440691,0.055472647973779675,0
73.08841562506872,0.05548883835317365,0
67.73949070366722,0.04745044206446303,0
70.38582935545334,0.048745457399971,0
81.04312980660605,0.053278795241593575,0
79.00733750099505,0.05085893006293331,2
67.17955804161159,0.027806996272524653,0
75.7946584434338,0.04770200369424806,0
81.01109698697431,0.04148593565739687,0
61.644757751029026,0.051752114189085124,0
79.34688153903949,0.0798525900260341,3
69.69900992843323,0.053674816654743045,0
79.56478934874528,0.04686470313827602,0
68.89392674765986,0.05921801501977252,0
60.560943194683844,0.05482687887209213,0
61.9796604969347,0.05420094490451842,0
75.38467957329105,0.05606850593215671,0
77.07778001377186,0.07056543564829541,0
67.76546699916473,0.038691115646740847,0
80.108739670219,0.05473632076811455,0
61.70783950184832,0.04073618870018462,0
74.47136161082146,0.055555126463422484,0
65.31187040190035,0.04081313488513906,0
69.78531113758272,0.04582633186394916,1
75.37918937053131,0.04704910085762094,1
68.11669307772839,0.05975816719344709,0
71.9235556461614,0.05918454443942414,0
83.05034247371552,0.03754282623553616,0
70.38486504381481,0.05054934110999849,0
81.68553689652113,0.04290420145250828,1
65.96234516273906,0.03741495089324666,0
79.23843342332226,0.0478298294957563,0
86.5325489652632,0.04691517211544181,1
55.226843998981686,0.07426716486345522,1
68.62483795623619,0.05432959825360696,0
79.61657701744431,0.03622382499245763,0
73.37563691165606,0.04435225995829058,0
77.96916698697046,0.060213832954293986,0
70.16811850627343,0.07088442772869925,2
75.6927182997832,0.03414016687762042,1
73.75458211686336,0.03120075614860955,0
84.34225649327846,0.06870965175371782,0
77.03536674640971,0.05389614177370904,1
77.70082129660162,0.04131707268123634,0
71.70498427102027,0.055346290861224355,0
71.09915020742005,0.023642522609831226,0
71.53953449744303,0.05003375506597161,0
78.15561713902638,0.053278211728430856,0
71.6321241534379,0.0592427013953783,0
77.3181988551713,0.03986104047707462,0
91.60320638916352,0.05085687161403359,0
81.96899762745353,0.04074575373940413,0
72.39181174265727,0.05255383755674317,0
84.60971137731156,0.04104653677636976,0
71.73539701582759,0.0459189916083978,1
58.69500371857717,0.040041846052097714,0
66.93530951266077,0.05651136241823657,0
60.03366463179316,0.058584511166566655,0
72.18789212766953,0.047653794300425864,1
75.14734703351641,0.050382379949600285,0
88.41149849820226,0.03551408585366456,0
77.6154189901133,0.04700323351993213,0
73.24719576952909,0.04949795382958255,0
81.63524464946791,0.07620793091029976,0
57.31091752793692,0.038880329742258364,0
76.88491646486852,0.06464177238752437,0
81.16692155109574,0.05996858773465808,0
63.171310033761266,0.05280636404490137,0
84.15003234565543,0.06758620484195134,0
77.70797125995531,0.05372105472606863,0
71.67769668879359,0.05389159195667929,0
80.06225492885028,0.04946879346982455,0
93.16554286243516,0.06223568882418628,0
76.45493004046796,0.06096469233810884,0
76.98576469040269,0.04374322712503788,1
71.32511280367805,0.03680752805401233,3
68.20124504428166,0.047970193626043434,0
81.64268653235396,0.041999614356023535,0
68.15132939272907,0.049364754253846455,0
75.57252989775515,0.062374381346841395,1
71.17874042587907,0.045426983449132104,0
78.83183860597113,0.049571766186884254,0
77.66929684229558,0.050580227348083956,0
83.3003195540632,0.05848430882205285,0
70.91986880916203,0.02753110666015395,1
72.84100051765303,0.04393299705234704,0
67.16989027374154,0.05211283692279473,0
71.4456539193911,0.06200078956426862,1
78.01840394435882,0.04508097552493795,0
81.05590893316281,0.031234472939581263,0
67.622677406579,0.056197114459661364,0
81.95684736084529,0.04364637611174371,3
85.8451028704396,0.03810333340909639,0
78.3074792257896,0.04375654610286776,0
90.01436650046453,0.04815474642344151,0
68.80968640717141,0.043952553354617875,0
65.04276237350867,0.02794433942900931,0
60.77023800876577,0.058970661968871324,0
86.96835449191346,0.06274875041278723,0
80.23492525083246,0.05651521991339506,2
74.55532263271635,0.03862314329575184,0
77.23974901055857,0.04798508466052483,0
65.99608762161299,0.04993478684770542,0
94.56601583693461,0.055987943895619105,0
76.03376945580182,0.05668340488718081,2
75.87515835683914,0.042658262012215044,0
80.80613299118954,0.050819955564135606,0
78.84807385389371,0.05457280404615242,0
76.79107219423305,0.06455822322146768,0
68.67620435643751,0.05704506539824723,0
78.77174685708796,0.05789056687375519,0
90.05619597180026,0.05083826627929361,0
85.76336036923982,0.06410459145203504,0
87.74549301311518,0.054097627959594975,0
70.91027458855052,0.0413891208982643,0
67.08316143793135,0.06403369970125192,3
73.99370463920282,0.05697903272539028,0
75.44579929830955,0.04556955978871518,0
83.75353214776759,0.04520507032600757,0
61.46028296228145,0.05296575545140762,0
87.2364025556849,0.05463184795267585,0
73.73593681136809,0.051972922656312065,2
71.58495144042064,0.053113086734428855,0
66.90316499791867,0.0669995737457638,1
61.76114662507385,0.06071543152234886,0
81.58536467169532,0.05190635591265025,0
75.58654373750723,0.05941310580767484,2
64.68031280207157,0.03967476096472461,0
64.63936982349107,0.053979270499468095,3
72.31372240567897,0.0680930634973311,0
88.35217220231515,0.04781954104607626,2
72.92326918909116,0.041523660713809155,0
62.974856375055154,0.043479111114069394,0
73.03405548731244,0.03910366962657612,0
72.81821144201864,0.04215238091872297,0
53.42490685646743,0.04629491901409971,0
74.5656410678575,0.03594432980821358,0
73.15252375833057,0.050156183339496035,0
80.56965091850735,0.05902277173786648,0
89.79164875956276,0.040922438198530794,0
84.01252023638206,0.0651928392364177,0
72.84889047556136,0.05510792088527595,0
66.14779273006664,0.060305805856240575,0
95.58687842599889,0.04342165446147863,0
75.4737474721159,0.05854525227066616,0
75.11143433530357,0.03908066099604687,0
74.80699930311998,0.05890247500836509,2
76.58467808614284,0.05171839339793532,1
73.84511670460846,0.05553251219984784,0
70.41070394495812,0.03824405394375149,0
70.62512847007686,0.04104930157723395,0
74.73797383827201,0.05597228218253385,0
70.65260183092988,0.040516519957758,0
69.29723373858269,0.05463206292099124,0
75.85144182153518,0.03632862193539754,0
72.96018226063316,0.05848174212666668,0
87.0319439086615,0.03767476685231491,0
53.792241532855904,0.05552299937679524,1
83.7320548153797,0.05625630933646001,0
84.96868153998103,0.04303228181570425,1
58.412878140734804,0.055820265670847274,3
72.25849924735721,0.05260442263333556,0
72.02847307203366,0.04461158143807262,0
63.73990644225743,0.039914453159237924,0
68.777466499273,0.030373743083274212,3
66.11539323627338,0.05349650047299694,3
89.01816354738898,0.03435197228637945,0
82.48542714517968,0.05095344199441308,0
85.17244075995328,0.047365517839177515,0
80.77337651234588,0.05679142775438196,0
65.96758583026217,0.04697954500510136,0
70.80383786976181,0.046705522136529086,2
78.91499648982334,0.05731870704288296,0
65.22297752886443,0.05335058029084118,0
80.7039874413791,0.053161559571827784,0
73.07739681473493,0.05469267589808527,0
72.00143353960323,0.03464427876792894,0
80.68767974562793,0.05756788679986982,0
78.55410649188832,0.056124687940136024,2
72.11227067344736,0.039833168714235034,2
84.27463842691398,0.04755919526325799,0
66.35149337920082,0.04960692712372369,1
79.92748485555411,0.04865503215598268,0
79.74481006374707,0.05333859966568535,0
72.52362848548808,0.06431366781831184,0
77.60906417793694,0.06081766727672829,0
64.99109138891758,0.03687780806568594,2
82.39221615365521,0.056220699903060486,0
73.52078290845608,0.0632893331953541,0
70.81821583584768,0.05386808520689203,0
83.39207380669511,0.06090980425185967,0
69.36525047565793,0.07012270445700766,0
63.732309629091525,0.06023709546106982,0
62.54696661180877,0.052493085956417294,0
79.84807961076511,0.06045088474084754,0
64.75656518002974,0.051448878330968915,1
89.03835345587491,0.05023903043284956,0
58.344564736930224,0.04648585764286268,0
88.5716509463203,0.06563413358832108,0
76.68813973762094,0.041815713340579985,0
74.22629510503685,0.06532367724678116,0
70.6406473055284,0.054998641237403716,0
78.19308891481657,0.03600693825198059,2
74.69892238060122,0.05367649292991422,0
83.82641505613218,0.02899973492348376,1
75.91382118929631,0.05625508016831036,3
76.20241409169502,0.05885231482988991,0
72.09110230228916,0.04407644044347947,0
74.54443501023147,0.051235476959555826,0
77.46241415113647,0.06954157433750287,3
61.318652858746994,0.04494253295738063,2
64.2145166231543,0.039410924129434,0
80.94611275218172,0.064816634024626,0
76.36692350502354,0.06962587190530795,0
73.52813330917857,0.05003695671847848,3
75.14747146452315,0.06011463035408356,3
77.78065364289337,0.06341475915530881,0
70.68192255752511,0.042575157674616164,0
68.7735621967815,0.04514694164632132,0
76.56676204078146,0.062308745131547355,0
67.17301777907974,0.06685014278708509,1
78.26602204571577,0.05562880860174355,0
61.37933116609727,0.04120185646497946,0
83.23324509860515,0.06987061111699441,0
78.78077985930435,0.04469029102188036,3
77.048237874511,0.046648622188285485,0
82.8615278715641,0.053423378344896216,0
88.32379555570061,0.06554160420714775,0
83.11496052014505,0.05853975976552224,3
60.27300614934684,0.05414865500361911,1
64.76338426611439,0.054632885301181065,0
70.00145137843457,0.050435146686434666,0
75.20872840168667,0.055581395145185064,0
79.14127216375299,0.02470439922305697,0
69.19404949477227,0.04703392540930202,0
76.49413411581662,0.05241321934916781,2
68.95693654117342,0.03848985916380493,0
70.10785757606442,0.0538632331781156,1
63.74671122521422,0.04795528779013879,0
67.61413403111277,0.0675547569831549,0
64.18652315506932,0.06573019725214857,0
67.19301397618133,0.045341944308818376,0
83.42913437286272,0.04849162288433305,0
67.40480888934445,0.049260524343916076,0
96.05905651869912,0.045483405238403773,0
78.94654320704711,0.05195024984028127,0
76.47868898955899,0.0424171793111241,0
68.13313775855029,0.03869384665062474,3
80.60247903527193,0.05622711223900269,0
70.39489739009781,0.05629529584221811,1
75.97607851716289,0.04195684240340008,0
95.48067630615036,0.058953554307626,0
74.2315208022028,0.04368422270834669,0
84.19418661028541,0.052531652380379816,1
69.3745885989929,0.058203440126124564,0
74.7200920760243,0.04966387435296287,0
89.16640508508408,0.054547409121411344,0
69.98426353769786,0.044835703561124284,0
89.49958846397543,0.048035334165719035,0
80.6620154836438,0.0479414056911966,0
70.50026579284585,0.042534216534597616,0
80.05926191244417,0.04823225836884218,1
82.78043559701383,0.03451381701136254,0
79.97447969773756,0.045088462528578954,0
62.43820224087635,0.0471512450663033,0
69.18290259340105,0.0474382024750462,0
73.01985091558797,0.047585025541292215,0
74.40453256719962,0.049382358001398716,0
79.96537678040542,0.054794415180860645,3
76.42160800746603,0.05874517074132523,1
64.3172451303192,0.04350234773151733,1
78.0415828080477,0.03796799144610856,0
79.88468596227058,0.03957955587756897,0
79.47832358344832,0.04512797078805073,0
83.64624580443697,0.04648078682183491,0
81.67137723639124,0.04230003933802543,0
78.6734406338275,0.03703883335750106,0
74.43867430833082,0.045438791725258124,0
61.71231253187207,0.051814266201139714,0
78.43694575306068,0.05595029465835565,0
76.66150149730488,0.04442576946891679,0
77.172630697563,0.04587002177856566,0
64.78601139343752,0.04073301691152689,0
66.3515476767339,0.04968560829625224,0
83.42522282666323,0.041515713658091855,0
74.68355876914676,0.05573127813241201,1
80.452005578981,0.03214133508065889,0
75.22654700904368,0.046403703275475376,0
75.23804911596596,0.05301107339191742,0
82.50627044780798,0.051838345163225046,0
70.87164217426101,0.07693033663980497,1
75.76896621552787,0.05349800024567908,0
71.30179769035966,0.0399594540315799,0
71.52403018054147,0.049045357529109275,1
72.52662301225088,0.032237536665335485,0
76.7770701730697,0.049194002507032396,0
71.17001102669218,0.04166943942999242,0
85.04604900458817,0.05915390275560162,0
67.84314158224397,0.04450459725404465,0
73.50502684670913,0.04883234084204754,0
71.4821515338066,0.04364442158595597,3
86.57582307482986,0.06738851351853331,0
76.57243821209259,0.04678757233882089,0
83.25475631574908,0.06832557043479202,0
63.11551701570423,0.058141517621182665,2
77.13640212695407,0.054820667273353864,1
82.1170463649875,0.0536873314731752,0
75.6582719142034,0.05393797298216252,0
83.52384300052282,0.030723274206543902,0
70.86169239919703,0.04721116605849244,0
86.27477952148465,0.05845157971184322,0
93.391184988954,0.049511028165258944,0
72.09729151648273,0.035948101531964254,0
71.43597982879382,0.04947595549422531,2
86.62707581694161,0.06704105516255492,0
87.6365771658457,0.0624689171553472,3
70.81711978277386,0.049379959906339685,0
71.63850546323314,0.059514492770580865,0
72.74572312911594,0.046334929796319486,0
64.24439591172579,0.03296128413173281,0
67.65078442812641,0.04075534011870446,0
66.96687386598346,0.06562888768508199,0
68.85761947916697,0.047260069181706964,0
74.72252090090575,0.04756616020624982,0
76.87371786029216,0.0470016180372512,0
87.40400394251262,0.06904136589573007,0
67.01316767408967,0.06625958915362064,0
82.87457918781267,0.07218780233448134,0
73.28808924619592,0.04840954789599949,2
74.60429032278054,0.05295624488747095,0
80.39855593733283,0.034833574505792095,0
66.01822382750161,0.06476934426118275,0
78.0592779694724,0.038322204487320655,0
76.33161766570444,0.052167755637626295,3
78.9396101120652,0.03902697472367156,0
77.31334915126254,0.04411133173261304,0
94.64240111928716,0.041627375689503,0
69.89808012598947,0.043921247393241825,0
70.75202435998546,0.044608772968510214,3
70.01487578860188,0.044517312050749235,0
70.55618304671796,0.05833333911780307,0
69.90090298154786,0.0389513720693748,0
84.51213224886041,0.052205414270138674,0
86.36403398391884,0.06217959152305559,0
70.43402965000419,0.04486803635486604,0
68.34115541516617,0.04282081109252398,0
78.77132445109123,0.047694753748197496,1
70.58221564575223,0.061797252083607104,0
80.06345454204408,0.05194107630953358,0
76.6233841668104,0.044687857053924016,0
62.874047080022144,0.0548387665118804,3
87.38004161064049,0.03897707850163577,0
89.36702138476417,0.05681359510442948,0
70.09769047612491,0.05408607307701768,0
71.89838752051213,0.046921915288611164,0
77.28692312579923,0.04161414201552769,0
77.6756543198962,0.04113319077716543,0
80.26835418138265,0.055348173363459104,0
91.08163631013079,0.06228980502489062,0
73.58442218004761,0.04362692252971206,0
68.61362204369237,0.05458386703551485,1
63.965446175883784,0.029129729813979315,3
69.15255968046465,0.044153822693428005,0
74.73498421700963,0.049689410671290984,0
89.3564629081423,0.040903165830181665,0
70.85910960771062,0.04063493625210404,0
76.79030361311119,0.04332220443531114,1
74.86861683141798,0.05292192728326373,0
84.50714618758467,0.04812670981593625,0
95.21545940698897,0.027617687666750282,0
70.75304981663743,0.028792998473649342,0
71.08448445985422,0.043931348221428246,0
83.35328701655257,0.05457686586053552,0
80.45513191701049,0.022524951572747656,0
89.77365860588827,0.0450026982384837,0
79.67142548260772,0.04473752143482579,0
72.12566327370352,0.06388337778208449,1
79.72523864553847,0.04614978188287137,0
83.86962864466327,0.05382988984740929,2
81.56385744957892,0.051412571400874636,0
79.05819224885838,0.028694335201927997,0
83.53339751671324,0.05768207216631738,0
84.35436472356538,0.05215396505456288,1
86.05727192830022,0.0550826863967459,2
80.18967910071714,0.08926237706436327,0
73.66305535746517,0.02915887060501412,2
76.17370949146658,0.06724696649761108,1
84.65207173206686,0.047125524805996445,0
68.46451463210211,0.052873289044030096,0
77.94938647098321,0.04954487754698758,1
71.85328950138111,0.04575763666601957,1
75.22995858347853,0.044301670717612415,0
85.22761490085838,0.053295087355730096,3
76.52879254415923,0.03482826303328321,0
75.37149238524918,0.05750579167521766,0
64.12115087216064,0.04583805595114746,0
80.97002852821777,0.038699306609596425,0
80.1638734491286,0.04549987142004187,0
92.30603778644368,0.06257149216862573,0
72.537774120376,0.04464664912983777,3
76.75320262131152,0.05358453618209621,0
76.99506946968604,0.04269043724284527,0
87.6196262381078,0.057579218499236196,0
74.23763574090438,0.05685507738790205,0
77.23217220616272,0.06848608833296412,2
79.86317207773232,0.048244360545007844,0
76.49287298525087,0.05668654804757907,1
71.42853108359577,0.050980675395389446,0
76.55271994318646,0.06295871781863015,0
83.58905399887817,0.0428116761239127,0
66.78787760471153,0.05745005312877281,0
76.06375739317501,0.048053027038833185,0
69.39903348048661,0.049358118228915025,0
84.56037303139874,0.05091752484448373,0
62.8145047617298,0.05252240396426678,0
70.5286252218273,0.04883770956878042,0
78.01769500051617,0.052147131831705267,0
87.52419223387473,0.06578118057562185,0
74.47399791141609,0.059854496856152184,0
70.55840378645442,0.05869154592496897,1
90.04925655552472,0.04544460473976129,0
63.415888796670046,0.04110759171771676,0
57.409552347039345,0.05955300558237753,3
78.52011560042666,0.058760467925297946,0
70.98356620517912,0.06472670675750983,0
66.8301374629543,0.043960193740307706,0
80.66685157839483,0.047704513446396535,0
76.95040571016959,0.03360515837474566,1
70.48737095410617,0.04607528893939127,1
64.75756481063284,0.05996570510579448,3
81.97965862624116,0.04533504620771802,0
80.20160942366928,0.05640479795200824,0
74.20659308976494,0.04809496894002189,0
89.77309596838133,0.053240570282215606,0
66.43932186939078,0.03852308610184333,0
62.795798632602086,0.05085209449633901,0
69.46473544095005,0.02008864029099277,0
74.63531186915601,0.04813103841838015,0
76.94671559458153,0.0336952675628486,1
73.07011153714936,0.062059945165468165,1
77.81644317211438,0.05777407352764512,0
64.98768460647645,0.05466670981966081,0
86.55011683258607,0.0652100622715938,0
74.34279057285946,0.04051083479175163,1
83.93836665270501,0.06747363197915558,0
77.74180277102164,0.05932191564260385,0
78.65402575323027,0.04763444712781054,0
79.55813824185763,0.06135620147182944,0
78.58166848013852,0.038937064875883665,0
80.14178207894035,0.041754858384723266,0
85.63322024105945,0.043914102767603,0
76.57216935761176,0.04471022291935985,0
80.6720300607081,0.03943442357239747,0
74.28211444570219,0.06223083067095325,0
86.52093772359578,0.047411455996301685,1
69.58886158352584,0.0535250496835688,0
89.40752346328652,0.044296486335863194,1
74.67873639484526,0.03179396699451483,0
63.55379918305562,0.05270057358391422,0
76.02483531928631,0.030877450245802233,0
69.55158674020095,0.049313659539145314,0
81.7251483919098,0.0363168496116719,0
69.77900816558088,0.06987275999230808,0
71.43053253428177,0.05911362722174722,0
59.88367415243575,0.05105753791271481,0
71.38154944600738,0.0626370667765467,1
55.60896538696835,0.041536840225342646,2
62.32877741211421,0.05543479378670094,0
81.08331724915438,0.051998104337187136,3
81.28640126920666,0.0526402008133367,0
78.40366049427972,0.06272353500106768,0
67.2641908549663,0.05732492102779803,1
74.61830915086416,0.052887236628250234,0
74.97117968727545,0.033451125637717044,0
65.73308248645967,0.040399537047205364,0
87.0271864141372,0.04877291066404276,1
82.01889832460537,0.050933723742766515,1
73.23228660936269,0.03869796275326076,0
75.21508671195625,0.07411676675578421,0
76.66706246358042,0.06516394055253573,0
58.666121052605675,0.05602118320392484,0
73.02258093983522,0.05072036861283745,0
69.54412601601761,0.04787791030098849,0
66.98703992084067,0.040480815399777645,0
72.75119765691237,0.05077480518518863,0
89.38149221479618,0.05257752540142751,0
80.12674289013609,0.03758239424518376,0
70.43056808173762,0.05334176417244898,2
79.58066225084927,0.04844740951175251,0
86.19484349268802,0.030921924421226092,0
82.39706946330215,0.041396149892204984,0
75.4770429593614,0.04586394466578356,0
69.82450577835542,0.06887687657340191,0
80.58578650890873,0.055565531245337585,0
78.147883083374,0.036645184309001086,0
82.16154576022186,0.054860362894176375,0
80.08137441345576,0.034526960110616345,0
83.39642172255468,0.06082691053887074,0
70.71811830751545,0.045288753481821216,3
85.5391525250746,0.0490636381126083,0
76.5807968375392,0.06325796647542191,0
91.60208698100212,0.0371283643141575,0
69.48649745528346,0.03602881814887009,0
88.887710425322,0.04416400673653995,0
76.58328626770118,0.06038378851019317,0
69.78865597108441,0.03480653924523158,0
71.12891332756543,0.021678444018894315,0
72.43722153444544,0.045488411415910014,0
78.39332757121534,0.05551740799910921,0
79.18268390428399,0.06200261749738829,0
70.41039996849136,0.04536838637914601,0
74.80516326191214,0.045885733928839975,0
92.13816286889491,0.061539007342557475,0
88.82034536080569,0.031302583003045795,0
78.49058935739225,0.04611479224816991,1
75.3040278253456,0.05190423889925058,0
75.96025061374608,0.054492187212850346,1
79.90814378184334,0.04490193306809118,0
66.81765947841275,0.05034441011705842,0
72.94098770061323,0.02511672646587011,0
61.651327408979284,0.04341751587666152,2
78.19378498084224,0.054535087125544675,0
80.17756751762192,0.040177059657453204,0
71.13450830160501,0.05058984221589598,0
87.59189410632027,0.054468725008026984,0
65.19387469598126,0.046574507991422355,0
63.28500095832144,0.05170463770996571,2
76.79561454847978,0.04037267434715388,3
83.37678642089723,0.04793388720303954,0
88.47142153166295,0.05610216169589223,2
71.32892589704848,0.051569729609684346,0
83.62944666745037,0.04413468730436065,0
74.69193224399434,0.052242164042907935,0
73.61898160047345,0.05714609790636618,0
82.06927949989338,0.029500587214225223,3
80.21858302730736,0.06159074064955898,0
62.388862744126,0.04663745261318928,0
86.81232279780717,0.05425489933240231,0
86.04073083317961,0.061972469236452284,0
69.99549838792376,0.03628326302769534,0
78.16642826749927,0.04290558997572454,3
78.95224149026191,0.04711451304124296,1
77.08539012659125,0.04216246478875572,0
70.59755876923664,0.06734936575836808,0
69.62701305649558,0.04143227906173207,0
74.79556743206844,0.04444453220513134,0
84.38183215407491,0.05204389031602977,0
79.34880123675546,0.03797850473923911,0
72.03508534331115,0.04604319288243736,0
81.17358968518676,0.053174532612501754,0
52.211659034959396,0.046671395956174894,0
84.19012560297682,0.04906613141100052,0
61.0822897697752,0.04470667887551629,0
72.10047246877494,0.034855296908192335,0
66.04264084299085,0.053215932113392386,2
64.64254819423276,0.06754933071647241,0
84.28661429902816,0.05018401630783438,1
71.25839038950487,0.052252641172475495,0
77.77203105384572,0.056927227551168594,0
74.62463536896652,0.03730669503453301,0
78.81632661778497,0.06702514658129606,1
75.61457512848204,0.052023287964228025,0
64.73606220649144,0.06631856899089109,0
82.97013455557712,0.042669670044760105,0
71.0499473347095,0.06818061922557825,0
62.547344810721995,0.05775155494034784,0
71.5750787122727,0.055530400858523586,2
87.00607832507448,0.052340244543531485,0
81.80177393690795,0.04751471381925551,0
72.21078292473713,0.06200531658473873,0
72.20593836545257,0.05140359869848047,0
72.42691959026094,0.03032930296412848,0
91.61398386848673,0.03882813538292998,0
78.05548361785243,0.04814154247807253,0
78.44033317752856,0.05309998983165555,0
83.24226763225474,0.04943411511100104,0
76.91031327221211,0.06218970789793664,1
72.92766283343437,0.030488981359613754,0
73.42920120732018,0.051435879365051604,0
74.42718992468748,0.031820207746128454,0
74.70222210792127,0.057597122954841685,0
80.82103634909583,0.049055412855579975,0
75.4155670864584,0.054196099720241184,0
80.86112061772464,0.041361170394102344,0
74.35426735913134,0.06279464931657751,3
75.62908152252872,0.06041724664058852,0
59.014394523743135,0.05583544303011888,0
82.33062139761985,0.048704827531365597,0
77.77190780718394,0.055798572852951325,0
82.98408087887722,0.042931074320126515,0
51.82995697445048,0.05855555659020713,1
91.70699763824582,0.06649480894323921,0
73.88328297475861,0.060706105599791865,0
83.86546253390013,0.042703975301925906,0
66.68075258299575,0.05361417317273103,0
79.90219124050056,0.03706858456241353,0
66.57267549461075,0.05572390311175676,0
70.00984831443355,0.05450603412862539,0
90.31225083093429,0.03130183660467836,0
73.47454079389323,0.038382161560876364,0
76.73946298543778,0.047168611032562334,3
81.96054184551004,0.04699140252859174,0
78.96545510378084,0.03790523064581195,1
76.20335124114861,0.05388978729352184,0
77.9196880197298,0.05251473608940512,0
94.2273246819062,0.04805730868021481,0
74.53904962373132,0.042442084998416375,0
76.60879237371974,0.06048707126416564,0
83.4052351680609,0.06655407113088296,0
83.84420746366388,0.045164385161534634,0
84.49624244448304,0.04387833082845179,2
80.10984177623348,0.054912076654119964,0
65.85596069815614,0.046419706202530144,0
88.06745225840876,0.04860602799336766,0
65.8292368558505,0.05739653151724672,1
77.42108372191227,0.030906439124927073,0
68.96579319984514,0.06318302324852669,0
74.48689322725606,0.05072680524329341,0
77.63009928242785,0.0458850685543782,0
77.57085772360219,0.049107658457785516,2
78.37536603388227,0.04962429355020519,0
87.90969015246918,0.03268798696555075,0
78.62827441211184,0.06494938227453237,2
73.04674691767481,0.050413256322706185,0
82.71269734630685,0.054430021304473754,0
84.51576391139713,0.05951549770574043,0
65.17913747890407,0.039788375424397004,0
79.77920055879886,0.05473471899035229,0
80.60938193848719,0.047323589091012065,0
72.61949197312006,0.05846770775216494,0
86.00565450649296,0.028727725796485047,0
73.79955530373978,0.049009056997587314,0
76.00461162777233,0.04397179344216039,1
73.61542540572904,0.054322629506341556,0
75.12463238065175,0.054700441873682025,0
66.22979930483838,0.04292374105177974,0
63.47959293924565,0.042878261358239564,0
87.75604050579977,0.04889334631442671,0
68.22430921345338,0.04103357772684792,0
67.06886120434955,0.05841983695452127,0
57.77287909117028,0.04630792799552554,0
69.88830601848399,0.02093011780678359,0
64.41528165274002,0.04625177943378194,0
88.13612128109095,0.03961456179156028,0
83.07853671474108,0.03368724184539055,3
69.49479723857822,0.03762573361777428,0
93.01948644275447,0.051094084718329706,0
82.85412389593276,0.06328640828248232,0
72.40134893193103,0.053131844738649806,2
55.004754281011415,0.0439349661178426,0
93.32754058072594,0.05455904195170703,0
63.88342026589123,0.045409096897810086,0
61.836810024344864,0.04305399630836856,1
83.18056345607712,0.038456373317670156,0
94.51801925071419,0.03248171193248281,0
86.07418254808414,0.04610076293440555,1
79.51127296041888,0.05158053489920132,1
79.75803473332229,0.0490337632998511,2
81.82732447024246,0.045840330720526415,0
81.07142871829411,0.04054253939303219,0
77.249531391755,0.05608246191684969,0
75.83360883161501,0.036828680800534155,0
74.49925497680383,0.057760279138434754,0
68.96828328906659,0.03997782981073275,0
72.7545993850658,0.04247564762646965,0
61.456345486436916,0.03533214809384323,0
74.213282985642,0.04498597853114364,0
67.09127114279266,0.05975312458477979,0
66.17128546227383,0.055156280884439565,0
76.43915320922783,0.059784221120280354,0
86.1360182907568,0.05522142545933936,0
82.3465328480185,0.03896330171469631,0
62.43599517101458,0.04669210775672443,0
67.0829749074373,0.042198008708825376,0
82.52616950390572,0.06330574904039041,0
67.14010085169352,0.038032113535736885,1
73.2029348000238,0.058936976893891116,0
79.40041679219641,0.05892953870108769,0
67.25324436109092,0.06829620201716087,1
75.84300404916767,0.045903134073705026,0
64.32779604065436,0.057123221595801625,3
70.18905884839029,0.07281651836538844,1
77.55825547314029,0.04382358323066304,0
62.25605013174665,0.034649597524676404,3
78.52379790368319,0.031199899660922365,0
74.84289760858655,0.05712712028861332,0
79.41991963533718,0.031168497919414163,0
76.7913130725173,0.046276809470620774,0
85.91312343979075,0.05437313187038961,2
76.00179602118325,0.05185175536829914,0
71.56475567099798,0.05425444864184173,0
75.97838002425827,0.052222898558008546,0
79.3463842322911,0.06278865813313393,0
75.39088056260563,0.04047683619261203,0
75.32473352963106,0.04323004861541469,0
69.38406649754596,0.04227340554729176,1
69.69679265959242,0.0583019181186261,0
63.779157825602454,0.05900398588395064,1
88.99661394549551,0.05451225319318508,0
65.04909411686972,0.06183493666889928,0
69.45675841763274,0.038219591326236195,0
69.25274187544642,0.06667224111551137,0
82.15939501555553,0.06523238621712259,0
72.64040257366378,0.05735621997245747,1
84.98193658138987,0.0678179890877106,0
69.61207500604905,0.033433767923222266,3
77.23195329779041,0.04475551863737348,0
68.31722357392194,0.04264696539318048,0
92.1611930221871,0.05721479323757343,0
65.4992126477639,0.03949859260397855,3
77.47856568181622,0.05757495149337486,0
80.07021504745678,0.06370536143996713,1
78.31039277961199,0.056952029000839996,1
73.51769872897833,0.052837510236615017,0
73.9614344021326,0.04012126659099251,0
75.35049177583288,0.041531490338746355,0
73.8239839869721,0.062496189052966666,0
82.71103293435928,0.057793490039053326,0
92.68418401273081,0.04960980480622456,0
70.54006571993733,0.0458209045423411,0
64.04157616336738,0.029741921268886234,0
74.29374361318996,0.03929147581315562,0
95.63767470123454,0.06911419087139724,0
68.57060345624215,0.037195444289975337,0
88.11293444355255,0.05189479821221081,0
88.42160651261153,0.06007443973195199,0
70.57129406633604,0.03745077331997708,1
79.5518646334822,0.05184710474781084,0
88.0271729850283,0.05937915537510655,0
71.9669780721001,0.0501249932190725,0
73.37135711918111,0.07868403055666769,0
70.34655268841085,0.03331400741121805,0
66.88194615445707,0.06058728529883879,2
69.80577963947195,0.04827198262603536,0
65.20847786590195,0.05771920154836675,0
75.27266774607381,0.05441307151699246,0
68.84021415153086,0.04266843802890004,0
76.87028729432598,0.052289963924593404,0
62.55283483037098,0.03142098548601713,0
77.64704185771566,0.05603247500571394,0
81.6682316928714,0.05298158465990526,0
59.050114859428355,0.056386601686431025,0
77.99245255878057,0.0605811832508715,0
84.82135193978634,0.053676198402097114,3
65.32287185047036,0.05148089419798277,0
88.38057909470163,0.04118931663338708,0
78.35215207492836,0.04287779236350949,0
69.35990515393273,0.06186734620177331,0
74.55384737873835,0.06436335405705979,0
79.46661530017379,0.04761889563687946,0
75.6080431312993,0.05046002747253275,0
79.31004793957095,0.04095385625006234,0
67.63461125536507,0.06172756845267445,0
76.35488659228862,0.05665416823691779,0
63.69028402476016,0.0694121743646375,0
74.1101915092104,0.04121676922820261,0
67.76873886828169,0.04621992100981783,0
69.11576045928187,0.052314459225255724,0
84.8887454016835,0.05646489537725771,0
83.73048096475415,0.047843323624523676,0
79.87310496725742,0.041270389095462996,1
66.26149788261937,0.05881407528923571,0
72.46873240244159,0.05721135362545582,0
84.70478159983347,0.04083725899436275,0
76.13373530911923,0.06355442801105496,3
93.55463631985356,0.06170198709196604,0
78.14654271515498,0.05134296497247793,0
76.53639293192025,0.05079597862376037,0
72.52706828637999,0.05554057771115908,0
76.06832723825826,0.04138296929743742,0
73.78024130895565,0.05030031479164082,0
80.66486941350873,0.0284761645539082,2
82.65361853435667,0.05876455645502936,3
68.71208431593641,0.03438506777558141,0
64.35013637153777,0.06503419828429,0
60.31035701517363,0.0466987990603355,2
79.06393061530035,0.04788333018068824,0
66.17306715060901,0.043722660939154945,0
57.77687525638014,0.04711961126077924,0
78.10862883624772,0.06418531345148037,0
94.94399613946233,0.025121913434649208,0
74.95143270768085,0.06276965386088187,0
81.70792619561314,0.053380234811017085,0
75.65463486838053,0.03792978352142785,0
74.20888277447087,0.03924687606950762,0
82.35261186390215,0.06676393027208204,0
72.67780364649079,0.04054493120057269,1
77.13913851257523,0.03846649489404041,0
77.57358244956811,0.061373145423647295,0
69.6552763708556,0.053385528762859145,2
82.93633879629218,0.04062074423463601,2
73.60032194643674,0.05216624975404619,0
68.95403872405724,0.03974247316359723,0
79.29207874856323,0.06100821398422605,0
67.8122561456717,0.060613709648731334,1
75.22544925895302,0.055320061988219434,3
74.92704802684638,0.05361661061247017,1
83.68716452665262,0.06761188124867373,0
78.79758586303963,0.04999686327388225,0
74.79978433003885,0.03818125874579199,0
81.54213039360229,0.054494739128323075,0
86.12166039213851,0.07086047049537114,0
79.4624824508149,0.03985240506814148,0
75.08282095874705,0.04638537233306014,0
64.50531014119872,0.05416446038101453,0
66.47909069539702,0.04946095150994261,0
72.55820236516266,0.04017696419622686,0
70.12390238272573,0.06121857856230471,0
73.50422957611643,0.0732004072201726,0
75.45319939917685,0.051961314590239074,0
79.23754203485385,0.04095931710264,0
74.43600977552727,0.034510394749465254,3
78.89201315060961,0.05257975981221181,0
75.51579531848097,0.06103877343316258,0
59.19626746916903,0.05475167746495382,0
67.48531684944996,0.04997596159081146,0
73.84729955422708,0.04410728348210694,1
65.32244205727113,0.039078363672819104,0
79.79942983996963,0.05834751326324882,1
87.24600665874958,0.059137716213855857,0
84.75009481357853,0.03454270213309267,1
73.29245703255833,0.06589838978180684,0
86.92580909479962,0.055740712208940016,1
76.1893396576169,0.06399594645145794,0
72.30331223105568,0.03657872251514885,0
70.09277869167248,0.03634175844584561,0
72.58024250809497,0.048510306902327036,2
71.89458545167017,0.05502784426895194,0
76.3633297790039,0.06796360822926964,0
76.28459184839892,0.05706078913815132,1
75.02436816122731,0.04757318723187967,0
78.4955053579708,0.03973630792334108,0
84.52517019829074,0.06230000572719151,0
82.59643308353058,0.04035294574249285,0
63.12081625240077,0.06628468554772322,2
54.56863092078436,0.04715615350393491,0
82.4745592899142,0.06590582072617851,0
64.06497041267663,0.05678931290059279,3
73.20187678485853,0.04863004510557542,0
65.63909579152512,0.04480603628173874,0
60.58415649935984,0.046590921226539204,0
79.3317018256383,0.05428316692375238,0
81.07324128242118,0.05077156496217717,0
70.38791679418624,0.044061885919312954,2
54.27166166284072,0.04834368589682368,0
70.63004441398014,0.0507857702971915,0
78.13443204322037,0.02871265905585188,0
63.16870744980697,0.05458168114788699,0
76.46687935823324,0.04020278775283193,2
74.87752120661604,0.03846667596794255,1
79.63433199680871,0.0331265565288929,0
75.95664294731323,0.0320610750213211,0
67.21544847294756,0.03644552496887711,0
84.57257201331593,0.042909790423695096,0
73.73176341578424,0.06953259137526568,0
74.78156368392054,0.04474120324104797,0
67.53385632741443,0.051777501062680316,0
71.45374199046792,0.05400481386506329,0
67.9215782877848,0.05131065186215849,0
73.61643152061262,0.04922556539274007,0
88.69366784113875,0.03804706236400755,0
64.02479085654915,0.06450927548279212,0
62.09150881698607,0.06807196643637886,0
86.76936261994886,0.033173413058773145,3
73.32541058278507,0.03975971409113621,0
69.64741809072066,0.04720189657622994,0
83.31923749916861,0.04035462205089809,0
70.15507568210509,0.05505965553455865,1
89.60807770837549,0.04271727797593387,3
80.42340697071415,0.07165056067806602,0
71.09670873483438,0.061905485943435964,0
92.25846570612403,0.05212574030632215,2
70.15428061597329,0.06026986263319732,0
80.93676297607446,0.06105900424357309,0
77.39434064325194,0.04436052511941757,0
85.41393031519038,0.041837827554580355,0
87.49208957381482,0.05078143062969648,0
75.25603319252613,0.058616361244979445,0
68.97265703723053,0.05139060398653418,0
78.67977714351294,0.034230035178090035,2
69.57827704198316,0.04197175556049158,0
91.10709798021298,0.049260271364056224,1
76.0922826486619,0.0492433439567417,0
72.07742758950313,0.06972542176789809,0
76.47744244691927,0.03614012057601002,0
64.22298968376242,0.055055892418358746,2
67.22708769191479,0.0648911310832829,0
84.6033112635554,0.07271449745422796,0
69.74484576822883,0.04595602576816039,1
66.62471213854448,0.054914294527202,0
79.2932220202183,0.05569760357198647,3
84.48563323730397,0.05195481731553291,0
80.75162648532053,0.04901154798760694,2
82.96838148644653,0.05435975389500046,0
68.94563929144431,0.02467753914780315,0
63.62551466606525,0.056820694900626315,0
87.0106692156439,0.05126177903661967,0
72.41856128926291,0.04777525103221735,0
72.99333586835962,0.07046862195719558,0
85.62555313479247,0.04325065981209448,0
79.44984007520527,0.0459692401093497,0
78.64710217665287,0.06991553302204734,0
92.32001875920866,0.04167938695150143,0
69.85185415695885,0.04449884717063461,3
82.4227210246499,0.0485297457656915,0
75.45610499917667,0.0584073448212955,0
77.14873823090606,0.05207802507353314,0
87.22774741130026,0.03707374652847738,0
79.06268605031698,0.04467831436872811,0
79.30636863239707,0.04392645566787789,0
83.58005869847841,0.049227789547769546,0
72.08037816365692,0.054258436586298295,3
68.28632266128795,0.054182057558879726,0
66.64152644783174,0.03223988245951598,0
59.26914728499199,0.06063940987560856,0
91.44965703952258,0.05252568845996624,0
66.17433307422654,0.06384532047593906,0
73.22997101131382,0.054441983272906724,0
72.78549360088863,0.06101322957735762,0
77.45925358247281,0.05466545311450127,0
81.52589770031437,0.06346225756202749,0
81.88378790687796,0.05522250636017779,0
70.33538049144849,0.04902084753557096,1
73.66302628970871,0.07272434720446883,0
77.2606396039064,0.05889037122279892,2
73.01047099053163,0.05573744421004413,1
87.85876460815994,0.03723695583461664,0
78.927799613106,0.03711692382536463,0
80.87902228839855,0.052927154821418534,0
80.3030501493393,0.05145521197768241,1
84.3877908598826,0.04385877434991684,0
76.44817246962965,0.0514098269961206,0
64.62534441635323,0.06588626928043596,0
78.19750361402113,0.05695402474550299,1
69.78914484966536,0.03858991490247262,0
70.77106654600195,0.04888491172857057,3
79.69091215004075,0.0419503351914744,0
84.90626457146908,0.04612300083591439,0
75.1701726138885,0.045863843343703574,0
77.47066410079171,0.04522354417395995,0
88.6177195570819,0.037448646280266056,0
76.92602543590854,0.0487234531848181,0
95.81346491344316,0.0443939236315269,3
79.52407716505235,0.020705513099977323,0
60.91389792675346,0.07052972024501664,1
81.02673296883626,0.06088769654216672,0
78.04926707906222,0.04623699275075004,1
85.31802203266196,0.050188190497405985,0
80.38545081015967,0.03828345652682438,2
73.89235212812982,0.06695722877810865,2
65.20561410968507,0.06897288694773113,0
73.3278139417118,0.051566937282465246,0
68.1958363663256,0.06023530644185345,0
70.35581240156222,0.05175286778933924,0
79.70862723536487,0.0366327456112407,1
88.35923603481125,0.04588176631036343,0
78.15737223858385,0.051319279667719576,0
65.43293550371853,0.04545452281256556,0
78.55682134576112,0.04781346722564964,1
84.57305189316521,0.04908600442490886,3
70.12173676544494,0.04919121502134539,0
73.92786266661666,0.050522584904974834,0
75.11750555783358,0.03939394933603399,0
68.72081349534209,0.042829838508720644,0
80.18624347075087,0.03715415734300031,0
74.03241481113774,0.05977815549686201,0
78.35625955125622,0.028943530581596755,0
67.9000625775832,0.06153590343316925,0
71.50033359741272,0.06386349397262844,0
80.77905086262217,0.04697819413017379,0
72.01733478326587,0.023968629121727016,0
88.81571080986724,0.0463868943803271,0
71.80291051508318,0.04935815838711181,0
76.79747780601508,0.03989401780071087,0
82.46072665498473,0.044847816061917574,0
63.65307413653575,0.06530195198863352,0
60.91352950415379,0.056649271623017416,3
62.79474948343924,0.040754358856219,0
85.10067282741745,0.034024008304045686,0
70.58513483286043,0.04672982682390229,0
95.46559428534601,0.04786543220649562,0
70.48601921074089,0.05496199187363317,0
76.47641042557629,0.04464683287432341,0
87.336879620543,0.05511499575361862,0
91.04874310527299,0.06935154040060229,0
91.49202861309118,0.05815501022444263,0
84.66692984474514,0.049519114926692274,0
83.1925002064917,0.04816849528946705,0
79.74021559360946,0.04643326865820129,0
81.2268886093331,0.06180640912452145,0
70.59051426937174,0.04372686554048697,1
68.45440893262155,0.05045222708999983,0
74.97300434071238,0.050511979018810854,0
73.63852301980057,0.04498215807188468,2
71.3741756053818,0.03627534452115899,0
80.57109957965372,0.05322974503617668,0
82.64244166856409,0.04938996028144617,0
75.70725509033478,0.0550024046943657,1
86.8202406484421,0.04466399693560833,2
65.86648708693195,0.06220821298813048,0
73.45072432576225,0.041232262187881556,0
69.26542143517756,0.06712040284017892,0
60.06770706341552,0.03252363490171739,0
74.3385545132584,0.05434770064556892,0
74.02601993293374,0.05475430682526624,0
87.10759794593704,0.04204442932059118,0
80.04649347643821,0.05424393937861013,0
66.80650540536637,0.06279518669760159,0
89.8327405306735,0.027831811606459356,0
84.76826956420282,0.05502744807490815,0
79.65678162774893,0.025067291796699226,1
73.18812720920134,0.04034335196476792,0
67.32448610621216,0.06629166364900946,0
72.02234579143158,0.044182179666079464,0
83.70998895763348,0.038261200355910276,0
90.07669044747688,0.048020622710153185,2
87.34594822617751,0.07067906338163553,0
71.08920462570981,0.03168317752793974,0
66.0430605336879,0.039486900883606554,0
76.12708997528964,0.06497431683179626,0
60.852485075497185,0.06857702343537733,1
77.58534171347826,0.048965687757097164,0
73.81917930961065,0.03760947297473358,0
71.27170798505406,0.0709584350180916,0
62.242375461865635,0.06594442391749197,0
79.10880085255774,0.05678946987762233,2
70.7383932827047,0.0418759765106258,0
65.6406653143177,0.049509706591619636,1
52.021902293746805,0.04839639918955169,0
74.7798807595949,0.05330851304615578,0
89.17801277335795,0.06451001438131336,0
88.29007371638296,0.05879417041137404,0
71.34322994730982,0.03922623923015242,0
70.18230351710575,0.06376496450019538,0
78.75019404860019,0.053131321400131555,0
67.01291648649367,0.056870657958589164,0
77.41433519855573,0.06466540859278604,0
81.12864222707752,0.03888419750486449,0
84.81546579107446,0.04964174421293537,0
74.19876738816038,0.04468545448640785,0
73.37060999858427,0.03432140574634544,0
67.97613930594751,0.0534670997760492,1
68.38495716768112,0.07511556551584424,0
73.18816886478778,0.03159922255494248,1
77.93892405452942,0.0496771938895053,0
82.30867700986599,0.056405429350747736,0
68.57456839455725,0.05123078201656182,0
86.94150855167618,0.0488687194748426,0
72.83101119165946,0.03700783636554176,0
74.8290616452125,0.05232786742940164,0
69.0223065668174,0.04243236022984074,0
55.606077917816464,0.02810078295021447,0
82.0723631708884,0.06194592220513731,0
80.89475117673946,0.05958385819842043,2
72.74937954305429,0.0505166097685108,0
75.53592573779898,0.05229074688205703,0
79.1275137416328,0.06074318012715561,0
62.49963314490766,0.05224339656778083,0
70.76757858122964,0.05904017554761315,0
81.35411743697462,0.047025177991261505,0
64.96568461464601,0.06311983738573947,1
77.34846345733304,0.05320785725932684,0
64.14734556301276,0.05194051943605874,0
78.73143985946821,0.03729938911287968,1
74.71486814162013,0.05286955854301709,1
62.078945472755926,0.04168045082505549,0
84.31791483565738,0.04361717273471506,1
69.1232673856156,0.04184624371683879,0
68.51798050388496,0.03933765068100775,1
76.60455357784754,0.07124771403016962,0
84.18909879542971,0.06331339061988403,0
66.87342544817282,0.06920367502144262,0
75.49343879878377,0.03777104980444436,0
78.43053200264458,0.05071253749910893,0
80.54484485810515,0.03706492374795904,0
76.4115324422178,0.043043051228029365,0
72.06377728733342,0.040818730165834254,0
68.37927823481024,0.06239584006441562,0
75.689151064371,0.0460377032189824,0
66.42288790411514,0.06068379333694017,0
51.62919613204314,0.05604120889588518,0
78.49247843326134,0.0730363875210479,1
82.23147872868957,0.03520555776860276,0
56.096540515665296,0.06259233239786799,0
66.9221543623205,0.06146440870400728,0
79.95323408804158,0.04026621161972965,0
91.45996375769359,0.0600713333647316,0
75.16634966140326,0.05336144963026229,0
69.17597647016693,0.04772523740046593,1
73.53682847116127,0.04176064513028001,0
85.99901135318548,0.04280890548550814,0
69.83228656700372,0.07049812095785926,0
68.60646394679797,0.05000682818957483,1
71.13805182254374,0.057821300015314596,0
67.3733711339303,0.04209100618332447,0
75.98136252795837,0.042201470537783614,0
87.99742766775648,0.06081984809249943,0
77.58463418492823,0.03650423788448468,0
72.9811719829897,0.045847862320947286,0
72.66550984867564,0.050340274110722324,1
62.494473530426745,0.05111372601840053,0
82.06487821717727,0.04820906714983844,0
74.37730242389759,0.05395819781095924,0
73.556160691275,0.05692855755817812,0
100.54486054275888,0.057346375454593305,0
77.3900232669255,0.040141961913321735,0
68.98567159923853,0.047158449020712034,0
71.58913923035566,0.06194762861876938,0
84.18756567357404,0.058946471875738725,0
75.90616328430211,0.03627140548518937,0
63.493776173461065,0.05351479900352202,1
82.35383147660163,0.0302177475062519,0
69.65484731568804,0.050469349020603696,0
89.98638220974037,0.06897767016745977,0
83.6403845257172,0.04052107282731014,0
71.42142483472999,0.04165676954508418,1
85.2481308938809,0.057640297815728596,0
75.54284408421923,0.03457198484790354,0
81.82218940097775,0.04367244970114961,0
78.8778625383558,0.05596441137581753,0
68.22914676007301,0.04365714152310597,0
69.85160134146031,0.047640300127890285,0
83.23968654064929,0.05744185710315035,1
72.32179734314768,0.05421546083536562,2
71.77081229406403,0.05266818396295402,0
67.35901936520517,0.04660877720729961,0
78.38879252474769,0.05370061115268956,2
91.50019935394516,0.04876267319900244,0
66.45973668596582,0.05457805609925785,0
75.19375565338207,0.04503067974882022,0
86.29776444332343,0.04817431025620459,1
74.36286887003428,0.04010042207447986,1
78.61897436999787,0.049649923899937644,0
66.50085177482497,0.041889991363711555,0
78.42645677766119,0.03885953549838007,0
73.50284587996362,0.05258661147855388,0
82.8858399654389,0.0521273977585766,0
84.499088412518,0.05782873734948573,0
95.71650913614891,0.04568874430424901,0
79.63706538570861,0.05408052846836756,1
77.60637053265734,0.055507975722736635,0
76.5550744126187,0.05444773807831595,0
72.1746696575145,0.04174346317197858,0
77.70787074769353,0.051493634822711895,0
72.63678871888777,0.05364140296054662,0
76.34768781015691,0.050071784669079425,3
85.54078028486367,0.029135223416289154,1
66.94765947776287,0.051604896239734806,0
84.11902848903236,0.07212531039397242,0
85.53692053871892,0.046399607312430174,2
74.05545178407137,0.04271922902144679,0
58.02516080793124,0.05373348559711399,0
70.13742410324454,0.05312378210466572,0
85.37595637248887,0.061927351654164145,2
74.81705550160895,0.03742131844091112,0
67.00558214164072,0.05731380252574993,0
70.96180063017427,0.05590422061251464,2
81.72496021203642,0.04857853463059454,0
79.37386854561103,0.0533868731792169,0
73.08854320664244,0.060294574815983576,0
72.06540470548249,0.058723153800284505,1
71.86593480764942,0.038569806879262716,0
67.62071852401198,0.05820158186755485,3
87.92300551575553,0.049353113949674815,0
72.42143624630928,0.05072874098015516,0
84.73726816660397,0.050731969910016946,3
87.17052841537961,0.048497570112017406,0
82.98648718518368,0.06191707497107065,0
71.54703749825562,0.049162820401507885,0
78.22984072269287,0.03880453871616832,0
74.80643514887267,0.04606470144030271,0
67.77038511415897,0.05178694716810476,0
77.59487425377283,0.062292147842970505,0
65.56768167072158,0.05603094684948834,1
84.50143510769252,0.04149464721252956,0
71.28306162161286,0.07485189916678892,3
76.60927724698271,0.0526477531097798,0
77.26630297236913,0.06275390737999015,0
72.92876021036739,0.04848285566422771,0
79.69355041180219,0.0553335924470545,0
71.2007707470198,0.05839468504518405,0
81.97037837965796,0.06218194711754256,0
64.232162558026,0.06057368305378225,2
76.0110366363713,0.05872197000072978,3
90.51143199246627,0.04684913268805892,0
66.9973494031554,0.04428253958043939,1
69.57804023580118,0.05332607510324198,0
79.11126279727132,0.05933128072341069,0
76.43665425551679,0.047772792992233935,1
77.80504079418847,0.06065171965714387,0
78.9134970411813,0.0645261674548618,0
80.07777174849416,0.040836790809265805,0
83.87759873564978,0.0416307929620372,0
78.2785492554281,0.04859624941094664,0
73.06993876305167,0.05307612668189197,0
80.38058960962185,0.044754329862329495,3
90.19905547916173,0.06352202678867144,0
73.93893002893941,0.05424066861518451,0
67.20376556263487,0.050394470482407396,0
83.85664535429578,0.03564090476131473,0
74.03695068837122,0.036841841835724934,0
57.61864363188771,0.05281009250281807,0
81.77937341720337,0.02867404373845164,1
70.71737451236862,0.06012637409644072,2
74.27573374156671,0.0484184615562768,1
77.65584264455211,0.08243092969594734,1
76.52399743823253,0.07307916250616112,0
80.67561453711231,0.04818550930752483,1
71.51610903544125,0.048936629974686854,0
79.10484638540866,0.0599558151400203,0
72.92362657932867,0.06703172609918039,0
80.91048384710002,0.033619709425639833,0
79.92293987210442,0.03213624534645314,0
67.51649038364323,0.04377965194445619,3
83.68785692940025,0.05582737583173865,0
70.71229243908762,0.05496873590507598,0
81.46446238624917,0.06069771454983851,0
77.93829850721073,0.03800302471634692,0
89.70546941436098,0.026838561370311237,0
73.21227214102518,0.058580141953021456,0
72.20546563105442,0.04171803727034766,0
74.84464315289814,0.029815121356113625,0
72.5745617373258,0.05145063745959382,0
81.3995352155364,0.057931756882186776,0
62.0695151325073,0.04877942867878723,0
66.57054064682917,0.04542151613817511,0
66.45757662736645,0.04840637767854094,0
82.60246073578861,0.046294172375992176,0
88.6849069806554,0.03651952888059833,0
74.16440625170023,0.04285319323009568,0
73.64942621447992,0.05521279905013815,0
75.56041730490546,0.053216785413765004,0
84.29502642086553,0.0516805980596682,0
67.58117492647541,0.04004851518146621,0
76.90695186187828,0.048184968378643334,2
82.80158103825944,0.028229349535571456,1
79.00875335951876,0.0517847666388539,0
76.51665293278995,0.06428857707813568,0
83.00836874053712,0.03525867867957894,0
53.3741416560061,0.044140723266822446,3
80.42300255624725,0.0532910677871013,3
69.76739453498061,0.06252842634427484,0
60.35493682514834,0.045517753836998506,1
79.08962079619985,0.04307749670734104,0
85.98926836130366,0.03031076857583917,0
73.90041188297846,0.05103438129308106,0
82.62299637762351,0.07042076040143744,0
87.89822606390916,0.05277358461964676,2
85.51931562867237,0.04977721020816287,0
88.11971623497115,0.05322082310766986,0
80.93701992857514,0.049889079960513984,2
75.60346911121275,0.041869856277398705,2
62.184273504822656,0.05823279915677706,0
73.0315000949604,0.05225761523111755,0
68.25402723747047,0.05017613251933658,0
92.36754173998251,0.0402463397272175,0
73.5929135005413,0.0630350793193476,3
75.98563845427589,0.056647027453331104,2
79.41188300832374,0.044470791626326986,0
75.34881957097963,0.06001824853681938,0
88.56040832344603,0.04502429161614793,0
70.01880510612439,0.042179965074889636,2
76.55685964189794,0.04240296882519713,0
69.06023531441562,0.03228931446911909,0
64.43981991023435,0.05471542380418206,0
70.10584727275771,0.0316885512166165,0
74.7037056236127,0.03771556168734237,0
71.56558220386192,0.02924411990921467,0
69.46063216100916,0.04913930307209107,2
63.74946029062533,0.04849679539728128,2
74.33515541897044,0.04673303786813636,0
62.96223700775198,0.039574223053294236,0
81.08044770951682,0.038277662465633605,0
75.65951802347602,0.05464369863546575,0
63.33958800428056,0.04449448068291512,0
72.52632738360109,0.05316358321536145,2
68.98274875527534,0.04114751313875778,0
77.55339608335345,0.05181062742771082,0
85.72360356818515,0.06303278037316064,2
59.99862024283404,0.05586165800392784,3
75.92020863317934,0.0458758618178352,0
73.71893763546687,0.05257198970355928,0
80.37072061160373,0.047593348254697874,0
76.70557302590151,0.05007880184694728,0
68.98424534608945,0.04674388947851497,0
72.44756851466705,0.048356647941146094,0
68.63179314557209,0.05212093353074176,3
83.60805710878878,0.0400664130041805,0
75.17049318937553,0.03984121173010022,0
90.20952548602406,0.03611457446168789,0
74.51471348948303,0.0339972889549629,0
69.3327458647163,0.037827173077795206,1
62.890284859097385,0.05159462506804129,0
60.57488258995244,0.04107212484508116,0
62.326912455956084,0.055136144642310966,0
77.13701320809187,0.050347137487525624,0
79.06980018583947,0.030314957865619465,0
62.350474383742934,0.0565497558422169,0
82.16030651260893,0.0581079864559171,0
71.13551158653249,0.04006137325165147,0
76.1743440958844,0.05420191542894992,0
87.8977650260434,0.04143501762590801,2
82.17471452692425,0.05097670376748336,2
72.85175481675334,0.03735501593045035,0
67.8704621966777,0.03206893547465424,0
57.78547678936556,0.04617182810387031,0
69.24677344606064,0.04876271053725164,0
73.31095808937845,0.04602320306385396,0
67.10256378279053,0.038159694417774406,2
73.94994426326156,0.04600100937868863,2
75.61481506367015,0.052692947525807346,0
73.20115214553537,0.04955106969877463,0
69.79997935341233,0.05182501030599214,1
76.34923737573382,0.043298847995457676,1
78.53552519655527,0.0617171791471616,0
66.27680738045723,0.03823826663445219,0
86.28745903797017,0.05487560297086719,0
74.21129494172591,0.06181891092959962,0
75.15079698355878,0.05480908092748896,0
80.66571538605245,0.047974757729351704,0
76.86572905010802,0.044717029533370214,0
82.62509307130595,0.06036087651046256,0
77.2969933216146,0.03577025074738327,0
70.1005010028765,0.04029875739620357,0
77.89202820164881,0.04602442234508279,1
65.85019034143471,0.06237653757511998,1
75.86847764621218,0.05379767636040896,0
74.73416007484431,0.04031954241489755,0
73.33506514181968,0.046896922946150964,3
73.97169990848856,0.04385676855903706,0
59.945207636018885,0.04290211007766465,0
70.61020073807231,0.0597888955855678,0
75.74275920912892,0.036282568707364946,0
76.27885113597921,0.06608780855734374,0
66.77859887259234,0.058282296901846234,2
85.12566272691761,0.060908616706036985,0
68.070601214284,0.04537060487974742,0
82.7556576042139,0.04850059280920891,2
78.41755489497348,0.03566848185475288,0
69.83018152124957,0.04475337592933197,0
89.2024871408761,0.054936548476431514,0
65.45090534594816,0.06296063061781397,0
82.35323338888001,0.03892843183197549,0
83.00465854434383,0.046344940630147345,0
69.63503832738684,0.04848700779767478,0
86.13972240051463,0.03604210797807515,0
72.99962788320838,0.055913492417584004,0
77.30954903423886,0.04276009668257391,0
77.08257471016977,0.048046096488229766,0
73.92553006823562,0.045480506280881225,0
81.48646618527826,0.04210661494280326,0
81.34790976441771,0.04992955014519446,2
61.011744214094556,0.04784390421431978,0
85.43472194302522,0.046281421177213344,0
61.70006409571461,0.04271538378319657,0
83.26036963473325,0.05319524670782956,0
84.01364109462067,0.06653617268492285,0
66.27226855827841,0.05139887232839128,1
71.71348569636332,0.059961182149111295,1
66.15436265211251,0.036097780748465376,0
73.28063175769012,0.0515776143929377,0
72.53572572651407,0.03902631681028934,0
81.23728425815472,0.03523075072468099,0
85.48246996895686,0.04260628592540964,0
86.16547048631965,0.06191899334413573,0
70.50265578737358,0.059500158286696456,1
73.32622501004377,0.052430047220544,0
61.5324944622324,0.03467299440110069,0
68.55303946803049,0.048037193486120636,0
82.71881306477967,0.05301700008901736,0
87.92466258838586,0.051755362295785985,0
65.12520902496063,0.03156206416519254,1
70.26028592677685,0.041096821519801284,0
74.78875394432859,0.04935922235851284,0
77.24128927055685,0.0553629090951719,0
68.52317184062683,0.028038721789000538,0
78.39248835571271,0.04837876024520142,3
71.20928522343267,0.05143048769878952,0
74.88438183297377,0.05849611988516214,0
79.3702739840296,0.056928575842374374,3
75.05137815848751,0.05582571318808806,0
71.50891287578744,0.04200059493298066,0
74.12312156859335,0.030919978628766928,0
74.29309632635731,0.04606947242938599,1
72.03991176094299,0.0600163182520856,0
72.92963149866318,0.06393454527524432,0
87.78917736403774,0.05710549102297786,0
79.4873555835299,0.05429340822801735,0
72.63615745576672,0.05379639648385966,0
80.57563523608589,0.044438812532392194,0
72.32944408195192,0.0486993970644638,0
84.38499710069313,0.06669069525826332,0
77.95713753758476,0.04057441994208124,0
74.14158284796616,0.06614778790709852,0
78.58173540648222,0.046779718455079417,1
62.432990783452006,0.06325432109095079,0
65.98586024872156,0.03593184990502462,0
65.44859994880755,0.055859042011646494,0
76.14354475810966,0.042632298640523786,0
88.86011999588074,0.03584732808075813,2
92.85040116954106,0.05218534042410946,1
80.10440881152606,0.060094717885959686,1
79.00675579955566,0.041550585614065036,0
60.59153812677809,0.03500984039541599,0
70.65860960212783,0.04908155235665045,0
68.69772998473408,0.049125646712228195,0
70.03321921399107,0.05548319627554499,0
73.65484945132168,0.05949594571364489,2
71.22327537842298,0.04940584818727506,0
59.165601516993696,0.06855503314794263,0
80.98328204894027,0.05224234744535292,0
66.41805579408155,0.046535734939931,2
76.9139749128892,0.033884326408971724,0
91.59266135799979,0.047373404796838325,0
67.64492326730861,0.04663613054588864,2
54.757699818029366,0.05960304796281471,0
72.71196622495911,0.054624836240668544,0
83.80767707998857,0.03820630878367383,0
90.66677963376475,0.051722543864110376,0
65.16360324438067,0.05671531171729054,1
78.97359378589218,0.06528031359387833,0
71.27751634575958,0.058875039674140595,0
74.15241316556691,0.05760846654311478,0
96.15474677613628,0.05060085994615164,0
62.976237372838774,0.0538831200542345,0
77.0299172919566,0.06249504900706159,0
78.74154537412346,0.03667222602520351,0
83.68629059951478,0.04650560672783045,0
75.78386522776717,0.042274312512437594,1
77.46440431603281,0.053791531187261245,0
71.86681146062567,0.062302221756507875,0
77.15301552996085,0.04403025713278926,0
72.25446179602072,0.026096956325305624,1
79.97257511884841,0.0458777925497553,0
72.04311731165093,0.05913473732017407,0
78.01680315121749,0.055376299029498796,0
74.76589749052017,0.054281862478105763,0
84.00840200617735,0.04720006698125521,0
74.58885021129211,0.03720969263780214,1
60.815740254344945,0.05515294321624468,3
85.09537200571194,0.041657181899653756,0
67.75414159309905,0.07184096733380457,0
69.76986929080944,0.055705072083545165,0
70.23470964765207,0.044193516974460494,0
85.99550474536653,0.04388614752611372,3
57.91460628817043,0.04907055793386412,0
100.10198826927996,0.04760498077978251,0
83.44845447252841,0.06116833775529955,0
76.78591131303328,0.051864161697440465,0
74.56084799506971,0.04268368261091472,0
77.28443259886126,0.06890440685155783,0
79.16897942703471,0.05049308331520223,0
80.16172468760045,0.05768839675968897,1
79.44483572802758,0.04391773492555241,0
75.716645450042,0.05363115627744524,0
73.42129263754138,0.05311109991143195,0
73.78981373077191,0.031103507079038473,0
73.44073375717855,0.0701527511046064,0
84.07016077493651,0.06290644460922548,0
79.7484537782469,0.04602804683854013,0
51.476890922685755,0.03897730259544145,0
80.24720621223808,0.053475616138035524,2
76.5578895577502,0.05086697699414397,0
74.85032994843282,0.053556689485632296,0
71.89185237528892,0.0519157739619409,0
83.99290175988811,0.055062409893059265,0
82.58021169698286,0.06447305699391807,0
68.81697865741113,0.055681032051286466,1
78.25641829699629,0.03950344501090059,0
67.22674612366971,0.06362562852712453,2
63.963054681688554,0.06640614563488287,0
69.98626220328028,0.08152056734512085,0
81.89914777906208,0.038765059667604025,0
82.6250003630087,0.052428820131502754,1
79.10468336077834,0.02917901296811013,0
80.80076629478398,0.05553149156379209,1
79.12942629691966,0.04451799701833228,2
69.86814723821638,0.06923445794824953,2
78.45538035739152,0.04225385029981418,0
81.40327620182146,0.033108169620327386,0
81.03433063850859,0.045287362592974806,0
84.51130697179714,0.03024512228782863,0
80.66643077760851,0.05751099454507311,0
77.81158566033267,0.029349169537436798,0
83.56120190653142,0.05028457581183159,0
74.78782992600752,0.029221881801438036,0
67.94500279017825,0.04679702195463358,0
73.69546428844988,0.06643378155804534,0
69.0407788415484,0.05360647891435795,0
